Date,Open,High,Low,Close,Volume
2025-07-02 02:30:00,2441.09,2449.45,2441.09,2449.02,117464330.19652776
2025-07-02 02:00:00,2444.9,2449.42,2439.47,2440.96,323533816.7736111
2025-07-02 01:30:00,2439.88,2446.05,2438.69,2445.49,335860749.08402777
2025-07-02 01:00:00,2440.43,2446.71,2435,2439.9,328386032.3555556
2025-07-02 00:30:00,2432.34,2441.01,2429.72,2439.71,337675613.8666667
2025-07-02 00:00:00,2431.03,2434.36,2426.39,2432.13,339403232
2025-07-01 23:30:00,2429.11,2432.15,2426.4,2430.87,336382542.2222222
2025-07-01 23:00:00,2418.93,2431.71,2416.98,2429.25,322024214.75555557
2025-07-01 22:30:00,2414.74,2419.23,2411.82,2418.33,325899780.50069445
2025-07-01 22:00:00,2412.11,2417.46,2408.23,2415.15,330605366.75555557
2025-07-01 21:30:00,2406.27,2411.64,2402.84,2411.62,323513111.7083334
2025-07-01 21:00:00,2398.89,2406.44,2376.15,2406.05,313190850.1333333
2025-07-01 20:30:00,2408.19,2410.57,2398.55,2398.77,316031995.0222222
2025-07-01 20:00:00,2405.31,2410.37,2403.41,2407.98,318299913.95555556
2025-07-01 19:30:00,2397.62,2406.54,2397.07,2405.48,318622403.82569444
2025-07-01 19:00:00,2401.42,2402.31,2386.96,2391.99,1193035776
2025-07-01 18:30:00,2407.39,2413.92,2400.21,2401.41,2361845861.127508
2025-07-01 18:00:00,2407.5,2410.9,2399.93,2407.52,6094567424
2025-07-01 17:30:00,2413.95,2413.99,2404.92,2407.68,5520643072
2025-07-01 17:00:00,2415.39,2419.05,2404.4,2413.97,3964248453.429412
2025-07-01 16:30:00,2409.78,2418.83,2409.33,2415.3,3535783849.4531064
2025-07-01 16:00:00,2403.33,2410.49,2393.97,2409.78,13555296256
2025-07-01 15:30:00,2421.13,2421.82,2402.58,2403.09,6099868672
2025-07-01 15:00:00,2410.62,2423.13,2405.16,2421.09,5979584512
2025-07-01 14:30:00,2422.01,2425.36,2400.5,2410.78,2085768072.6645877
2025-07-01 14:00:00,2432.97,2434.03,2421.2,2422.02,137636225.9660305
2025-07-01 13:30:00,2427.75,2434.76,2425.03,2433.16,836371839.0585682
2025-07-01 13:00:00,2425.2,2432.33,2418.71,2427.9,4399176895.817436
2025-07-01 12:30:00,2429.94,2432.05,2422.35,2425.26,884422722.0500482
2025-07-01 12:00:00,2424.33,2432.21,2419.94,2429.95,1528400279.8960133
2025-07-01 11:30:00,2425.73,2432.62,2419.56,2424.34,795283242.0957289
2025-07-01 11:00:00,2420.46,2429.53,2416.69,2425.78,2991371837.9815164
2025-07-01 10:30:00,2428.3,2433.93,2407.7,2420.48,2029801092.826856
2025-07-01 10:00:00,2444.1,2457.35,2423.93,2428.21,1670719936.6277847
2025-07-01 09:30:00,2443.6,2448.62,2423.89,2444.4,1532593905.0496137
2025-07-01 09:00:00,2438.56,2443.86,2436.54,2443.7,118176964.9892786
2025-07-01 08:30:00,2442.67,2447.27,2435.1,2438.73,1193803776
2025-07-01 08:00:00,2450.14,2454.3,2437.75,2442.39,277588690.20480114
2025-07-01 07:30:00,2451.81,2455.95,2443.11,2450.01,1639696888.9995525
2025-07-01 07:00:00,2456.81,2459.87,2448.05,2451.78,1480333238.6202939
2025-07-01 06:30:00,2454.51,2460.72,2448.47,2456.64,1065684593.8115239
2025-07-01 06:00:00,2457.7,2462.7,2454.52,2454.52,19727154.565245852
2025-07-01 05:30:00,2456.99,2459.24,2450.05,2457.73,1125600993.737858
2025-07-01 05:00:00,2454.1,2459.39,2453.09,2457,1044511221.6827252
2025-07-01 04:30:00,2460.94,2461.96,2452.14,2454.11,946840121.4669021
2025-07-01 04:00:00,2465.95,2466.19,2457.43,2460.62,1199459418.6201642
2025-07-01 03:30:00,2462.76,2469.6,2461.44,2466.14,538134591.8994812
2025-07-01 03:00:00,2460.35,2464.17,2445.5,2462.77,1713885170.9901352
2025-07-01 02:30:00,2458.4,2463.69,2457.85,2460.39,31786586.382332828
2025-07-01 02:00:00,2461.9,2462.87,2456.62,2458.49,922307162.6144038
2025-07-01 01:30:00,2455.91,2462.41,2452.29,2461.9,170218088.60221156
2025-07-01 01:00:00,2461.69,2467.25,2453.66,2455.74,2304080428.672913
2025-07-01 00:30:00,2478.21,2480.83,2460.61,2461.71,2012575984.7589295
2025-07-01 00:00:00,2486.15,2486.82,2477.23,2477.83,867478812.2974379
2025-06-30 23:30:00,2488.19,2488.62,2482.69,2486,896272139.8289918
2025-06-30 23:00:00,2484.25,2488.77,2479.52,2488.2,1179718225.148847
2025-06-30 22:30:00,2495.57,2496.6,2483.31,2484.25,224534020.17682108
2025-06-30 22:00:00,2489.46,2495.7,2486.32,2495.58,1258981711.642376
2025-06-30 21:30:00,2494.04,2501.45,2487.38,2489.64,301929681.44123393
2025-06-30 21:00:00,2493.89,2499.5,2491,2494.03,1150050712.2579548
2025-06-30 20:30:00,2485.25,2495.76,2478.32,2493.94,3383069739.8869667
2025-06-30 20:00:00,2486.16,2497.44,2485,2485.25,22412203.408090543
2025-06-30 19:30:00,2491.36,2492.25,2485.32,2486.15,94092456.84067757
2025-06-30 19:00:00,2491.22,2495.76,2488.79,2491.47,2072328584.829133
2025-06-30 18:30:00,2491.81,2497.31,2488.94,2491.34,3104339045.717573
2025-06-30 18:00:00,2488.38,2495.1,2485.2,2491.82,1014310658.1608168
2025-06-30 17:30:00,2495.94,2500.15,2483.08,2488.53,357832807.7384575
2025-06-30 17:00:00,2503.45,2505.5,2494.37,2495.95,1030913284.0851706
2025-06-30 16:30:00,2514.07,2516.06,2502.21,2503.72,170627320.5149025
2025-06-30 16:00:00,2516.37,2522.8,2505.56,2514.07,2578856205.2472525
2025-06-30 15:30:00,2510.13,2519.73,2505.63,2516.47,1298994058.2285457
2025-06-30 15:00:00,2486.73,2518.98,2485.53,2510.13,450668033.9061305
2025-06-30 14:30:00,2492.92,2493.4,2480.15,2486.74,1108404876.7165024
2025-06-30 14:00:00,2488.54,2499.83,2483.68,2492.91,2728848969.0721016
2025-06-30 13:30:00,2481.76,2499.44,2477.5,2488.55,5230080801.654214
2025-06-30 13:00:00,2476.22,2487.7,2474.59,2481.8,2063716377.5436347
2025-06-30 12:30:00,2464.21,2478.57,2463.49,2476.04,2060146537.7345212
2025-06-30 12:00:00,2475.36,2483.03,2462.23,2464.21,2489655390.1712937
2025-06-30 11:30:00,2463.44,2489.19,2458.52,2475.33,831375647.3438321
2025-06-30 11:00:00,2439.13,2467.67,2436.09,2463.45,1900204509.1975663
2025-06-30 10:30:00,2459.28,2464.86,2433.97,2439.1,2082280530.1750903
2025-06-30 10:00:00,2463.21,2470.63,2450.78,2459.29,538717784.5532643
2025-06-30 09:30:00,2474.13,2475.75,2459.53,2463.21,3794366815.854892
2025-06-30 09:00:00,2460.78,2476.04,2460.63,2474.23,993814468.7769364
2025-06-30 08:30:00,2463.89,2466.51,2457.81,2460.98,149288008.72684819
2025-06-30 08:00:00,2459.01,2465.98,2458.85,2463.97,2847278616.243159
2025-06-30 07:30:00,2464.39,2467.4,2457.25,2459,1630701969.0827487
2025-06-30 07:00:00,2456.82,2468.39,2453.81,2464.39,1057465271.9891112
2025-06-30 06:30:00,2453.3,2458.7,2450.5,2457,1890948748.2763505
2025-06-30 06:00:00,2452.51,2455.47,2447.12,2453.31,1060703605.200287
2025-06-30 05:30:00,2472.74,2474.4,2451.02,2452.45,827839030.6772423
2025-06-30 05:00:00,2469.22,2477.4,2468.39,2472.74,1925979407.822765
2025-06-30 04:30:00,2476.47,2477.3,2466.79,2469.13,1031874988.6505947
2025-06-30 04:00:00,2481.06,2486.92,2473.62,2476.6,111596138.37137769
2025-06-30 03:30:00,2476.81,2483.81,2472.72,2481.06,2371142059.267608
2025-06-30 03:00:00,2465.1,2478.41,2461.14,2476.91,1453967062.1564426
2025-06-30 02:30:00,2498.72,2500.59,2457.11,2465.25,1073613886.6307982
2025-06-30 02:00:00,2503.63,2504.57,2498.69,2498.73,128605302.15443277
2025-06-30 01:30:00,2497.77,2504.09,2495.27,2503.63,1068273237.8052177
2025-06-30 01:00:00,2496.05,2501.86,2492.04,2497.94,214599403.0737782
2025-06-30 00:30:00,2502.38,2503.63,2495.02,2496.42,125724034.73227462
2025-06-30 00:00:00,2500.34,2506.67,2499.51,2502.39,1085413875.966724
2025-06-29 23:30:00,2496.62,2504.07,2496.48,2500.39,1052109425.4290509
2025-06-29 23:00:00,2502.11,2505.76,2496.01,2496.73,1162120882.7453792
2025-06-29 22:30:00,2506.99,2509.53,2500,2501.98,2221038483.2753253
2025-06-29 22:00:00,2511.7,2512.32,2505.87,2507,1258369185.397376
2025-06-29 21:30:00,2510.69,2520.15,2507.99,2511.67,2383811243.8165298
2025-06-29 21:00:00,2519.58,2520.64,2505.43,2510.69,2996884093.4990687
2025-06-29 20:30:00,2516.53,2524.85,2511.42,2519.57,1839036276.5918555
2025-06-29 20:00:00,2500.7,2521.33,2500.56,2516.56,326222081.6948375
2025-06-29 19:30:00,2506.64,2510.98,2498.16,2500.69,3337577472
2025-06-29 19:00:00,2502.36,2526.27,2495.42,2506.77,540263371.8713034
2025-06-29 18:30:00,2479.06,2511,2471.62,2502.46,7302864896
2025-06-29 18:00:00,2432.18,2480.61,2431.28,2479.06,3777509376
2025-06-29 17:30:00,2433.05,2440.2,2430.9,2432.18,3221057536
2025-06-29 17:00:00,2433.1,2437.33,2413.36,2433.06,3401219584
2025-06-29 16:30:00,2435.63,2436.66,2433.09,2433.1,39557898.56169529
2025-06-29 16:00:00,2438.72,2439.78,2433.78,2435.64,46924538.608714595
2025-06-29 15:30:00,2439.46,2440.08,2435.76,2438.72,101980568.21139418
2025-06-29 15:00:00,2438.7,2439.65,2434.2,2439.65,995645119.3133501
2025-06-29 14:30:00,2442.2,2443.79,2438.69,2438.69,2041898734.059151
2025-06-29 14:00:00,2439.88,2443.46,2434.87,2442.21,1004933920.2278938
2025-06-29 13:30:00,2437.43,2440.47,2433.5,2439.88,993313931.5921952
2025-06-29 13:00:00,2439.97,2441.26,2436.67,2437.44,1028357487.0117018
2025-06-29 12:30:00,2433.86,2440.8,2430.52,2439.93,1136997252.7411032
2025-06-29 12:00:00,2437.79,2441.04,2430.05,2433.85,862663122.878969
2025-06-29 11:30:00,2441.15,2445.56,2433.14,2437.84,1414230807.4155915
2025-06-29 11:00:00,2441.02,2444.04,2438.23,2441.15,138477611.4020448
2025-06-29 10:30:00,2447.42,2447.45,2436.93,2441.03,2540040700.853909
2025-06-29 10:00:00,2448.02,2452.67,2446.02,2447.42,90503727.44231245
2025-06-29 09:30:00,2453.67,2453.89,2447.18,2448.03,1074450743.0113401
2025-06-29 09:00:00,2455.93,2457.69,2452.51,2453.67,982169446.3129703
2025-06-29 08:30:00,2455.11,2457.48,2450.47,2455.88,2029303431.789218
2025-06-29 08:00:00,2463.17,2464.46,2452.56,2455.1,1902966740.813289
2025-06-29 07:30:00,2455.65,2464.99,2455.65,2463.15,1014395813.1440831
2025-06-29 07:00:00,2457.7,2458.69,2453.4,2455.65,1085617916.7711308
2025-06-29 06:30:00,2455.7,2459.09,2448.54,2457.7,1269888643.8502312
2025-06-29 06:00:00,2449.18,2460,2448.95,2455.3,1994262704.8218286
2025-06-29 05:30:00,2449.44,2458.57,2446.75,2448.99,2070382213.7787519
2025-06-29 05:00:00,2444.64,2451.5,2440.09,2449.44,309998039.5405585
2025-06-29 04:30:00,2440.82,2448.33,2439.93,2444.59,1041056340.677046
2025-06-29 04:00:00,2441.7,2444.76,2439.19,2440.83,930168046.8215046
2025-06-29 03:30:00,2439.84,2441.67,2435.94,2441.67,343877008.0867875
2025-06-29 03:00:00,2437.8,2441.15,2437.02,2439.84,427213339.2903684
2025-06-29 02:30:00,2434.04,2438.65,2433.53,2437.8,13674164.72133394
2025-06-29 02:00:00,2434.81,2436.39,2433.16,2434.03,292215950.6467246
2025-06-29 01:30:00,2430,2435.8,2428.99,2434.69,10230388.28368428
2025-06-29 01:00:00,2430.82,2431.8,2428.73,2430,94841585.98188017
2025-06-29 00:30:00,2429.88,2431.71,2429.28,2430.81,33761220.31634622
2025-06-29 00:00:00,2428.91,2432.35,2427.67,2429.88,19640451.825691245
2025-06-28 23:30:00,2432.57,2433.06,2427.91,2428.91,940804935.5685636
2025-06-28 23:00:00,2433.18,2434.12,2431.44,2432.57,56933584.57931477
2025-06-28 22:30:00,2429.89,2434.57,2429.31,2433.06,970018836.8703415
2025-06-28 22:00:00,2431,2431.77,2425.6,2429.89,951974652.518587
2025-06-28 21:30:00,2435.09,2436.48,2429.45,2431,928957461.7315811
2025-06-28 21:00:00,2439.64,2440.08,2434.64,2435.08,864321260.9827472
2025-06-28 20:30:00,2438.63,2443.74,2437.21,2439.64,1854720758.9909422
2025-06-28 20:00:00,2437.08,2441.33,2433.12,2438.65,976051046.3000355
2025-06-28 19:30:00,2439.08,2439.17,2436.35,2437.08,15224188.346473787
2025-06-28 19:00:00,2441.45,2443.42,2438.32,2439.09,113767593.8626312
2025-06-28 18:30:00,2439.53,2442.48,2436.98,2441.44,1032868352
2025-06-28 18:00:00,2437.66,2441.52,2434.87,2439.42,1074964992
2025-06-28 17:30:00,2432.57,2439.43,2431.63,2437.67,2824939656.1306453
2025-06-28 17:00:00,2430.63,2433.47,2429.39,2432.57,131044381.7755871
2025-06-28 16:30:00,2432.47,2434.91,2429.04,2430.63,1001555456
2025-06-28 16:00:00,2434.19,2435.75,2428.27,2432.37,142834402.22309756
2025-06-28 15:30:00,2437.38,2437.66,2432.4,2433.98,1914463467.0096686
2025-06-28 15:00:00,2438.47,2441.21,2435.23,2437.56,1177003.432862481
2025-06-28 14:30:00,2439.46,2441.49,2434.32,2438.47,890290504.4114419
2025-06-28 14:00:00,2445.17,2447,2437.87,2439.61,1377590479.0308523
2025-06-28 13:30:00,2437.32,2448.97,2436.14,2445.16,16159913.5982627
2025-06-28 13:00:00,2436.22,2440.35,2434.21,2437.32,13290357.115960699
2025-06-28 12:30:00,2438.1,2441.88,2432.84,2436.22,944981301.2133348
2025-06-28 12:00:00,2437.39,2444.8,2432.94,2438.05,1966954317.8082032
2025-06-28 11:30:00,2426.23,2443.86,2426.23,2437.31,2355543.3272137768
2025-06-28 11:00:00,2427.27,2428.94,2424.64,2426.22,5677478.7948736055
2025-06-28 10:30:00,2427.84,2428.89,2426.04,2427.27,2201864.1976571735
2025-06-28 10:00:00,2424.25,2429.06,2424.06,2427.84,917691939.9540491
2025-06-28 09:30:00,2425.6,2425.85,2420.55,2424.25,944551612.2063851
2025-06-28 09:00:00,2427.42,2430.99,2424.11,2425.33,949208847.1138726
2025-06-28 08:30:00,2425.41,2429.15,2425.4,2427.42,904864109.2462413
2025-06-28 08:00:00,2428.5,2429.3,2423.87,2425.41,960844850.0290076
2025-06-28 07:30:00,2429.43,2429.79,2427.54,2428.49,49597067.45452529
2025-06-28 07:00:00,2427.47,2430.17,2427.17,2429.43,19592772.527802892
2025-06-28 06:30:00,2431.01,2431.59,2424.85,2427.48,47528623.8621229
2025-06-28 06:00:00,2428.02,2431.25,2426.6,2431.01,37419622.84081264
2025-06-28 05:30:00,2425.24,2429.99,2425.24,2428.26,956060084.4914353
2025-06-28 05:00:00,2425.73,2426.14,2421.05,2425.25,11043146.417540899
2025-06-28 04:30:00,2425.51,2426.93,2422.81,2425.76,2806613471.506487
2025-06-28 04:00:00,2433.08,2433.67,2421.19,2425.52,67613098.75373437
2025-06-28 03:30:00,2428.06,2435.89,2427.49,2432.83,1711534.482274881
2025-06-28 03:00:00,2428.56,2430.09,2425.33,2428.38,811666.3742576463
2025-06-28 02:30:00,2427.3,2428.68,2424.82,2428.56,47871790.46149459
2025-06-28 02:00:00,2423.69,2427.92,2422.99,2427.39,299038911.1398166
2025-06-28 01:30:00,2425.23,2427.1,2419.85,2423.48,84477734.46649334
2025-06-28 01:00:00,2422.21,2429.83,2422.21,2425.23,1010277376.4583488
2025-06-28 00:30:00,2422.4,2422.62,2420.04,2422.25,3636787.696676383
2025-06-28 00:00:00,2421.97,2423.33,2418.69,2422.44,99761531.75045566
2025-06-27 23:30:00,2421.83,2423.63,2419.61,2421.92,292253217.6318009
2025-06-27 23:00:00,2420,2423.7,2417.8,2421.83,8109905.490884072
2025-06-27 22:30:00,2422.26,2423.61,2419.73,2419.99,1017207854.6998682
2025-06-27 22:00:00,2419.03,2422.6,2415.97,2422.26,21586024.772893913
2025-06-27 21:30:00,2413.48,2420.51,2407.03,2419.02,2492323455.684031
2025-06-27 21:00:00,2419.31,2421.11,2410.7,2413.48,1989246450.754169
2025-06-27 20:30:00,2421.54,2424.39,2418.24,2419.22,1062107570.2133322
2025-06-27 20:00:00,2424.24,2425.16,2418,2421.54,1028087376.1500883
2025-06-27 19:30:00,2417.93,2425.15,2415.61,2424.2,364828811.17713416
2025-06-27 19:00:00,2423.73,2426.01,2417.48,2417.94,1179936130.5832613
2025-06-27 18:30:00,2422.66,2426.3,2420.83,2423.74,1561068523.0148473
2025-06-27 18:00:00,2420.77,2425.71,2420.47,2422.63,2173845504
2025-06-27 17:30:00,2429.07,2430.87,2419.6,2420.64,4676461908.757535
2025-06-27 17:00:00,2427.66,2430.72,2417.95,2429.08,3354965916.788079
2025-06-27 16:30:00,2423.69,2429.28,2421.59,2427.59,1555142656
2025-06-27 16:00:00,2413.76,2425.99,2412.39,2423.68,6857046016
2025-06-27 15:30:00,2407.75,2418.61,2404.99,2414.17,1672782515.339063
2025-06-27 15:00:00,2395.84,2411.93,2392.87,2407.76,4124602368
2025-06-27 14:30:00,2398.6,2402.18,2389.17,2396.07,3689993216
2025-06-27 14:00:00,2405.52,2409.55,2396.17,2398.63,5796267008
2025-06-27 13:30:00,2417.53,2420.25,2396.03,2405.57,1029133438.4829453
2025-06-27 13:00:00,2434.18,2434.92,2415.89,2417.57,302673317.3639705
2025-06-27 12:30:00,2436.79,2451.3,2433.18,2434.22,758254478.5554353
2025-06-27 12:00:00,2439.9,2442.06,2432.93,2436.78,2309000372.8085747
2025-06-27 11:30:00,2431.43,2444.53,2429.82,2439.86,683739012.9197938
2025-06-27 11:00:00,2424.06,2432.42,2420.41,2431.3,1056252273.2177376
2025-06-27 10:30:00,2421.32,2429.01,2414.69,2424.07,1261465877.2612777
2025-06-27 10:00:00,2428.95,2438.87,2417.92,2421.28,1264553479.9003565
2025-06-27 09:30:00,2426.92,2437.02,2418.01,2429.53,2326432246.109374
2025-06-27 09:00:00,2430.84,2437.97,2423.21,2426.96,2346231532.1335926
2025-06-27 08:30:00,2453.58,2453.89,2427.55,2430.85,1018008268.3534515
2025-06-27 08:00:00,2448.05,2457.68,2444.72,2453.58,41253711.77844856
2025-06-27 07:30:00,2444.79,2448.08,2443.35,2448.05,3018838575.2409844
2025-06-27 07:00:00,2446.93,2455.91,2444.4,2444.78,1086997182.1426132
2025-06-27 06:30:00,2452.55,2454.81,2446.13,2447.02,1078441904.5651462
2025-06-27 06:00:00,2461.83,2462.75,2448.21,2452.55,2283827749.9349327
2025-06-27 05:30:00,2449.15,2464,2449.15,2461.84,2352125496.9221706
2025-06-27 05:00:00,2449.59,2455.38,2442.97,2449.06,2003907787.9257274
2025-06-27 04:30:00,2439.18,2464.69,2438.47,2449.5,2105505295.9507527
2025-06-27 04:00:00,2443.57,2446.33,2436.73,2439.19,2306421128.5011806
2025-06-27 03:30:00,2447.01,2447.08,2438.65,2443.46,1879463587.4441447
2025-06-27 03:00:00,2449.69,2460.58,2445.25,2447.01,4449146.8602514705
2025-06-27 02:30:00,2442.32,2451.6,2440.62,2449.8,227148975.2362023
2025-06-27 02:00:00,2440.53,2448.71,2437.76,2442.29,1958517592.1877952
2025-06-27 01:30:00,2438.12,2442.21,2436.01,2440.54,2373670982.7755337
2025-06-27 01:00:00,2451.12,2454.09,2436.62,2438.12,990518334.648878
2025-06-27 00:30:00,2450.51,2454.71,2449.81,2450.98,2234376962.2443743
2025-06-27 00:00:00,2448.03,2452.15,2440.8,2450.44,2017943981.2744124
2025-06-26 23:30:00,2442.72,2450.08,2441.64,2448.02,1031706034.8221965
2025-06-26 23:00:00,2439,2446.2,2433.82,2442.48,839432058.0642478
2025-06-26 22:30:00,2432.65,2441.15,2431.56,2439,87000821.58793893
2025-06-26 22:00:00,2427.7,2435.16,2424.66,2432.64,935989427.5308661
2025-06-26 21:30:00,2423.72,2433.2,2422.45,2427.71,1754970972.3957465
2025-06-26 21:00:00,2401.68,2428.45,2381.26,2423.72,3061231450.5435076
2025-06-26 20:30:00,2420.58,2421.75,2400.87,2401.68,286595909.8814799
2025-06-26 20:00:00,2417.21,2422.83,2415.87,2420.59,1016758875.4876295
2025-06-26 19:30:00,2416.15,2418.5,2413.03,2417.4,1070941144.5932118
2025-06-26 19:00:00,2414.7,2418.48,2406.99,2416.29,1120228091.1245453
2025-06-26 18:30:00,2421.11,2422.88,2412.99,2414.69,2348274578.3463583
2025-06-26 18:00:00,2414.88,2425.42,2412.84,2420.98,3259079680
2025-06-26 17:30:00,2427.65,2431.94,2395,2415.06,2915836928
2025-06-26 17:00:00,2446.74,2446.99,2418.71,2427.66,1068235716.5218939
2025-06-26 16:30:00,2444.64,2458.79,2443.63,2446.66,1176143774.3741562
2025-06-26 16:00:00,2436.45,2446.15,2431.16,2444.64,1245817260.9313934
2025-06-26 15:30:00,2430.62,2443.8,2430.2,2436.56,1121950300.4993296
2025-06-26 15:00:00,2426.39,2436.16,2423.61,2430.61,1836120144.7537117
2025-06-26 14:30:00,2426.99,2429.8,2420.51,2426.35,1160979488.4320452
2025-06-26 14:00:00,2421.89,2443.4,2418.93,2427.14,1492888575.0698674
2025-06-26 13:30:00,2427.63,2431.38,2420.61,2421.87,989120481.7388527
2025-06-26 13:00:00,2428.74,2437.11,2422.28,2427.67,1714974405.2423685
2025-06-26 12:30:00,2430.63,2431.36,2419.21,2428.57,499632886.82793754
2025-06-26 12:00:00,2434.51,2438.4,2424.48,2430.8,956716701.0463706
2025-06-26 11:30:00,2418.67,2438.04,2410.38,2434.51,1743922245.9817975
2025-06-26 11:00:00,2447.61,2450.56,2416.02,2418.97,1271216519.994432
2025-06-26 10:30:00,2436.24,2460.87,2435.84,2447.74,1376541527.2646956
2025-06-26 10:00:00,2434.33,2439.28,2423.13,2436.52,969675506.7140604
2025-06-26 09:30:00,2440.57,2447.2,2425.4,2434.33,1081358973.2012646
2025-06-26 09:00:00,2441.24,2445.06,2428.02,2440.48,1059589657.188549
2025-06-26 08:30:00,2444.4,2453.55,2435.76,2441.24,2980926565.5838604
2025-06-26 08:00:00,2451.49,2455.78,2435.14,2444.4,2187099686.289559
2025-06-26 07:30:00,2448.26,2453.94,2443.87,2451.48,35201435.33723346
2025-06-26 07:00:00,2452.13,2455.28,2440.62,2448.2,3422174323.1268544
2025-06-26 06:30:00,2460.96,2463.12,2447.35,2452.13,1688286674.0484924
2025-06-26 06:00:00,2464.58,2468.53,2453.52,2460.97,2040585732.8612533
2025-06-26 05:30:00,2473.23,2476.34,2463.78,2464.76,971393875.2134134
2025-06-26 05:00:00,2488.2,2490.28,2469.01,2473.22,2269568623.26101
2025-06-26 04:30:00,2491.48,2496.37,2485.79,2488.1,1008779151.49318
2025-06-26 04:00:00,2491.22,2501.97,2490.82,2491.59,2840188752.364328
2025-06-26 03:30:00,2494.92,2502,2489.41,2491.35,952689889.7639636
2025-06-26 03:00:00,2488.43,2499.5,2481.57,2495.15,1199690298.1389515
2025-06-26 02:30:00,2481.35,2490.86,2480.2,2488.51,119723241.71519281
2025-06-26 02:00:00,2477.07,2488.21,2474.75,2481.35,2629874750.2267523
2025-06-26 01:30:00,2476.07,2478.8,2468.38,2477.07,890659918.4308585
2025-06-26 01:00:00,2481.64,2485.25,2473,2476.09,1838874009.9004874
2025-06-26 00:30:00,2477.42,2488.1,2471.6,2481.64,922220134.216814
2025-06-26 00:00:00,2490.62,2492.8,2475.63,2477.5,95919928.86290069
2025-06-25 23:30:00,2493.54,2496.03,2484.17,2490.47,1962406171.437939
2025-06-25 23:00:00,2494.5,2521.67,2491.68,2492.86,3790095167.8797255
2025-06-25 22:30:00,2470.16,2503.42,2460.32,2494.33,1000187371.9023291
2025-06-25 22:00:00,2460.71,2476.73,2460.71,2470.01,953568806.9980556
2025-06-25 21:30:00,2442.78,2476.44,2438.09,2460.71,1546421155.5630522
2025-06-25 21:00:00,2428.2,2446,2420.74,2442.79,967956189.7493105
2025-06-25 20:30:00,2422.62,2430.43,2418.5,2428.1,495598064.6575081
2025-06-25 20:00:00,2420.09,2429.75,2419.05,2422.62,2034325921.6255639
2025-06-25 19:30:00,2416.66,2421.16,2414.72,2420.09,1010870751.09344
2025-06-25 19:00:00,2417.48,2419.83,2409.43,2416.66,936972042.5709472
2025-06-25 18:30:00,2420.27,2420.99,2410.43,2417.49,1870148707.4482825
2025-06-25 18:00:00,2431.97,2432.59,2418.72,2420.28,1716020280.9810135
2025-06-25 17:30:00,2431.42,2439.29,2428.44,2432.2,3894608896
2025-06-25 17:00:00,2439.83,2455.78,2430.09,2431.47,3135379456
2025-06-25 16:30:00,2430.25,2443.87,2427.24,2440.26,3328886784
2025-06-25 16:00:00,2433.88,2437.17,2428.67,2430.36,84623692.08822197
2025-06-25 15:30:00,2437.03,2437.46,2427.37,2434.28,1864431868.5093882
2025-06-25 15:00:00,2419.88,2440.79,2419.48,2437.03,1908426668.3856251
2025-06-25 14:30:00,2417.06,2422.69,2412.9,2419.7,426150656.2028487
2025-06-25 14:00:00,2424.01,2425.67,2416.56,2417.35,2123612514.6712978
2025-06-25 13:30:00,2425.07,2427.61,2408.58,2424.01,1053699007.7807269
2025-06-25 13:00:00,2412.04,2433.18,2409.48,2425.16,2407790114.073969
2025-06-25 12:30:00,2420.15,2422.8,2402.49,2412.04,772925372.4281104
2025-06-25 12:00:00,2407.12,2422.16,2406.54,2420.07,1386356624.236019
2025-06-25 11:30:00,2414.43,2417.3,2398.49,2407.13,2353426550.0275464
2025-06-25 11:00:00,2433.47,2434.11,2402.98,2414.18,1876249712.778705
2025-06-25 10:30:00,2406.16,2445,2402.28,2433.73,3115625193.01755
2025-06-25 10:00:00,2436.6,2443.21,2391.15,2406.09,1406648923.5632956
2025-06-25 09:30:00,2442.36,2446.75,2425.7,2436.37,1895682666.6599424
2025-06-25 09:00:00,2430.4,2447.69,2425.01,2442.2,443646403.66573286
2025-06-25 08:30:00,2419.33,2430.97,2416.19,2430.21,4097571680.922297
2025-06-25 08:00:00,2430.4,2430.81,2417.32,2419.32,802827727.3160142
2025-06-25 07:30:00,2421.87,2431.76,2420.65,2430.48,919433736.3952541
2025-06-25 07:00:00,2427.87,2430.64,2414.2,2422.17,923428898.6541172
2025-06-25 06:30:00,2432.74,2432.74,2423.62,2427.87,3143650991.567073
2025-06-25 06:00:00,2421.86,2432.98,2415.81,2432.75,2305145839.2118673
2025-06-25 05:30:00,2442.3,2445.75,2409,2421.91,187572063.8295032
2025-06-25 05:00:00,2440.99,2449.48,2438.48,2442.15,1525686311.756225
2025-06-25 04:30:00,2435.43,2440.9,2425.84,2440.9,1194971234.5176232
2025-06-25 04:00:00,2446.06,2447.49,2435.13,2435.56,330608099.05251974
2025-06-25 03:30:00,2450.03,2452.46,2444.59,2446.02,670319447.9967355
2025-06-25 03:00:00,2446.06,2452.02,2441.57,2449.71,758596759.4666411
2025-06-25 02:30:00,2442.56,2446.73,2439.37,2446.07,1067058601.9768536
2025-06-25 02:00:00,2430.7,2444.71,2427.77,2442.54,1129864324.1586199
2025-06-25 01:30:00,2431.43,2437.74,2428.19,2430.71,2718431846.1785645
2025-06-25 01:00:00,2436.74,2441.9,2425.58,2431.5,873823286.4497446
2025-06-25 00:30:00,2445.71,2446.17,2430,2436.87,2678715070.8692064
2025-06-25 00:00:00,2445.75,2448.97,2437.1,2445.78,1945416549.057893
2025-06-24 23:30:00,2457.34,2459.9,2445.31,2445.76,2025250082.3555357
2025-06-24 23:00:00,2453.12,2462.18,2448.17,2456.92,1018545634.8454971
2025-06-24 22:30:00,2456.73,2461.69,2451.73,2453.23,1093625548.861584
2025-06-24 22:00:00,2462.39,2470.19,2456.45,2456.91,1156613311.7797987
2025-06-24 21:30:00,2451.23,2466.73,2446.83,2462.27,2775117222.4170794
2025-06-24 21:00:00,2459.7,2464.41,2446.66,2451.44,1647863639.317607
2025-06-24 20:30:00,2450.3,2463.2,2437.92,2459.8,670034347.1457162
2025-06-24 20:00:00,2449.74,2459.36,2444.96,2450.63,1777316444.680481
2025-06-24 19:30:00,2438.35,2450.11,2435.1,2449.87,1871133827.5809526
2025-06-24 19:00:00,2442.53,2443.7,2431.8,2438.33,2281176835.2848334
2025-06-24 18:30:00,2441.16,2443.81,2435.35,2442.68,5750876160
2025-06-24 18:00:00,2446.2,2446.24,2435.03,2441.09,5514391552
2025-06-24 17:30:00,2442.24,2447.53,2438.47,2446.38,4259653632
2025-06-24 17:00:00,2450.36,2451.49,2437,2441.91,3546140672
2025-06-24 16:30:00,2443.22,2451.78,2441.5,2450.35,3079180288
2025-06-24 16:00:00,2435.88,2445.6,2431.63,2443.74,4245843968
2025-06-24 15:30:00,2432.56,2441.76,2418.07,2435.97,5365481472
2025-06-24 15:00:00,2436.86,2443.41,2429.23,2432.57,3883515904
2025-06-24 14:30:00,2446.44,2450.73,2436.72,2436.85,1956015253.7100718
2025-06-24 14:00:00,2459.16,2464.66,2436.18,2446.08,1526761407.6337907
2025-06-24 13:30:00,2449.98,2467.29,2445.78,2458.91,1388911056.0949442
2025-06-24 13:00:00,2480.44,2482.91,2444.17,2449.98,1120775833.6989665
2025-06-24 12:30:00,2447.44,2483.38,2441.41,2480.59,2736625172.992198
2025-06-24 12:00:00,2439.51,2452.25,2435.33,2447.34,2352988954.135013
2025-06-24 11:30:00,2438.01,2456.07,2426.06,2439.58,2434570366.9421034
2025-06-24 11:00:00,2432.44,2449.99,2429,2438.01,2066527912.1605794
2025-06-24 10:30:00,2432.9,2440.45,2427.17,2432.45,4504705779.045128
2025-06-24 10:00:00,2422.91,2442.74,2421.45,2432.9,335968917.8479698
2025-06-24 09:30:00,2415.06,2434.1,2406.01,2423.05,1519573337.8864524
2025-06-24 09:00:00,2415.53,2428.89,2407.96,2415.13,1899167356.6508324
2025-06-24 08:30:00,2409.58,2420,2405.88,2415.43,155729595.07927898
2025-06-24 08:00:00,2410.92,2418.3,2404.55,2409.65,1170248942.3937566
2025-06-24 07:30:00,2418.76,2423.06,2406.15,2411.19,1924395149.3842096
2025-06-24 07:00:00,2415.55,2419.56,2399.16,2418.77,356767302.6134873
2025-06-24 06:30:00,2416.06,2421.03,2407.9,2415.73,3055996717.868612
2025-06-24 06:00:00,2417.26,2425.17,2413.84,2416.29,1181893377.6795373
2025-06-24 05:30:00,2433.25,2436.65,2415.39,2417.3,2288864516.732498
2025-06-24 05:00:00,2405,2450.92,2400.62,2433.06,2866004271.833686
2025-06-24 04:30:00,2403.74,2414.13,2398.5,2405.24,1543518247.5300555
2025-06-24 04:00:00,2394.85,2407.28,2377.79,2403.9,2244292227.5146675
2025-06-24 03:30:00,2417.57,2418.8,2392.74,2394.76,641064678.2620206
2025-06-24 03:00:00,2427.48,2430.99,2417.39,2417.39,1635608322.41073
2025-06-24 02:30:00,2423,2436.38,2422.09,2427.66,390611278.5213972
2025-06-24 02:00:00,2421.85,2424.51,2412.87,2423.26,1095393238.4618993
2025-06-24 01:30:00,2414.69,2426.51,2412.32,2421.71,2594013559.89704
2025-06-24 01:00:00,2405.68,2416.2,2403.01,2414.83,1004804918.1151822
2025-06-24 00:30:00,2398.94,2408.45,2396.52,2405.41,1600313826.9248743
2025-06-24 00:00:00,2400.35,2404.17,2394.36,2398.8,2196198110.3785467
2025-06-23 23:30:00,2404.71,2407.34,2398.28,2400.61,3219664229.4849353
2025-06-23 23:00:00,2393.65,2412.3,2393.11,2404.73,1026811319.7027075
2025-06-23 22:30:00,2399.86,2402.27,2392,2393.66,2091634843.7634337
2025-06-23 22:00:00,2415.8,2415.8,2391.44,2400.01,2607635977.3833623
2025-06-23 21:30:00,2412.24,2418.25,2405.71,2415.83,1955881664.1849303
2025-06-23 21:00:00,2404.4,2419.17,2397.96,2412.02,991570964.9305545
2025-06-23 20:30:00,2405.35,2411.37,2391.73,2404.35,725197550.415268
2025-06-23 20:00:00,2412.81,2419.81,2400.24,2405.25,2046530216.4385939
2025-06-23 19:30:00,2422.38,2432.35,2409.8,2413,1065209295.766808
2025-06-23 19:00:00,2409.23,2432.1,2407.9,2422.44,2594926239.659933
2025-06-23 18:30:00,2427.84,2433.25,2385.7,2409.79,4704642180.289962
2025-06-23 18:00:00,2342.5,2440,2342.24,2427.84,832602760.173589
2025-06-23 17:30:00,2345.63,2350.11,2335.48,2342.51,2410983128.203704
2025-06-23 17:00:00,2348.62,2365.29,2343.78,2346.88,1130417758.8387258
2025-06-23 16:30:00,2362.63,2368.48,2344.86,2349.27,1445352765.7001953
2025-06-23 16:00:00,2314.5,2380.68,2305.21,2363.16,1305333440.9169378
2025-06-23 15:30:00,2301.97,2327.39,2297.3,2314.5,2535387893.91707
2025-06-23 15:00:00,2307.17,2313.69,2297.04,2301.97,3239145242.981431
2025-06-23 14:30:00,2285.5,2315,2284.54,2307.2,1423599518.756022
2025-06-23 14:00:00,2276.68,2305.26,2274.46,2285.61,2207070478.2560773
2025-06-23 13:30:00,2276.66,2288.47,2263.89,2276.29,3044295925.0607944
2025-06-23 13:00:00,2223.08,2284.85,2218.22,2276.66,2098971047.92691
2025-06-23 12:30:00,2211.2,2236.92,2189.11,2222.99,2163477719.904546
2025-06-23 12:00:00,2249.59,2253.14,2207.72,2211.68,816699416.3739413
2025-06-23 11:30:00,2266.95,2276.84,2248.75,2249.57,2495207500.060031
2025-06-23 11:00:00,2275.29,2289.55,2265.46,2266.96,1828090317.8997428
2025-06-23 10:30:00,2281.41,2291,2273.09,2275.29,1080322681.9465926
2025-06-23 10:00:00,2296.24,2314.59,2273.99,2281.41,1498627778.04903
2025-06-23 09:30:00,2249.56,2301.45,2233.69,2295.98,2005051306.5334067
2025-06-23 09:00:00,2267.34,2267.48,2247.53,2249.42,60095286.38061649
2025-06-23 08:30:00,2248.12,2267.84,2246.56,2267.36,1102215609.5683868
2025-06-23 08:00:00,2254.21,2255.73,2246.33,2248.16,1114423820.9866555
2025-06-23 07:30:00,2246.12,2259.17,2245.36,2254.36,1115491422.4112642
2025-06-23 07:00:00,2248.1,2251.84,2242.48,2246.25,991110546.6967319
2025-06-23 06:30:00,2245.73,2250.31,2239.7,2248.1,710647767.4564897
2025-06-23 06:00:00,2253.05,2254.14,2245.06,2245.72,1830743287.4847317
2025-06-23 05:30:00,2246.65,2255.19,2244.66,2253.04,825471196.8762151
2025-06-23 05:00:00,2262.79,2263,2245.99,2246.66,1543321138.7213085
2025-06-23 04:30:00,2263.72,2264.19,2257.39,2262.95,841200316.2155621
2025-06-23 04:00:00,2259.72,2275.71,2258.52,2263.83,3045087214.848962
2025-06-23 03:30:00,2257.43,2260.49,2253.66,2259.86,1054702295.5376338
2025-06-23 03:00:00,2252.03,2276.97,2251.56,2257.42,2591606901.997367
2025-06-23 02:30:00,2241.89,2252.92,2234.48,2251.87,1227106382.8662786
2025-06-23 02:00:00,2247.47,2255.97,2240.24,2241.88,1374790461.3950655
2025-06-23 01:30:00,2242.36,2251.64,2238.97,2247.47,1001238928.7534829
2025-06-23 01:00:00,2234.65,2246.87,2234.65,2242.32,1121730149.3724468
2025-06-23 00:30:00,2239.71,2240.59,2232.26,2234.65,2682647302.655249
2025-06-23 00:00:00,2235.73,2244.99,2228.68,2239.7,815917942.4391127
2025-06-22 23:30:00,2238.19,2241.28,2231.81,2235.54,1807735976.3113348
2025-06-22 23:00:00,2239.87,2245,2234.5,2238.27,168930106.36352116
2025-06-22 22:30:00,2243.12,2245.26,2237.03,2239.88,1525897942.0534537
2025-06-22 22:00:00,2247.09,2248.85,2234.45,2243.11,1869075702.317297
2025-06-22 21:30:00,2230.82,2249.13,2225.94,2246.93,160874419.95418075
2025-06-22 21:00:00,2242.24,2243.19,2229.05,2230.57,1618207143.1919074
2025-06-22 20:30:00,2234.61,2261.11,2225.92,2242,2164581136.4438424
2025-06-22 20:00:00,2228.46,2241.19,2222.78,2234.5,1153405468.5401115
2025-06-22 19:30:00,2232.12,2233.27,2222.03,2228.46,527415438.6171868
2025-06-22 19:00:00,2234.96,2238.19,2220.39,2232.34,4044700376.6247005
2025-06-22 18:30:00,2209.49,2237.2,2208.78,2234.84,2527409602.08765
2025-06-22 18:00:00,2179.62,2229.61,2177.1,2209.56,3928097271.793781
2025-06-22 17:30:00,2180.16,2190.78,2174.19,2179.66,7524950016
2025-06-22 17:00:00,2188.55,2197.11,2179.35,2179.96,7601651712
2025-06-22 16:30:00,2130.93,2198.04,2125.58,2188.55,2694487103.0889697
2025-06-22 16:00:00,2184.72,2188.23,2113,2130.79,1150459724.6019962
2025-06-22 15:30:00,2188.37,2191.35,2178.04,2184.72,2388976039.401552
2025-06-22 15:00:00,2183.46,2190.09,2171.03,2188.31,1420290556.5036635
2025-06-22 14:30:00,2188.72,2193.92,2180.6,2183.57,2082414627.9535182
2025-06-22 14:00:00,2193.2,2199.69,2180,2188.72,1705114811.9183908
2025-06-22 13:30:00,2190.99,2205.19,2189.68,2193.2,2314698611.923035
2025-06-22 13:00:00,2197.34,2220.19,2186.85,2190.99,996818727.7298409
2025-06-22 12:30:00,2180.99,2198.99,2179.98,2197.52,2571673824.587315
2025-06-22 12:00:00,2175.26,2190.58,2173.67,2180.99,2204804893.1771183
2025-06-22 11:30:00,2183.05,2194.29,2169.23,2175.44,3207915138.1999817
2025-06-22 11:00:00,2201.57,2208.19,2182.85,2183.05,1760332267.1336114
2025-06-22 10:30:00,2170.68,2208.93,2167.32,2201.68,4303822288.343895
2025-06-22 10:00:00,2200.61,2212.72,2156.45,2170.74,3098457141.940262
2025-06-22 09:30:00,2195.92,2208.59,2178.33,2200.65,5905155169.138212
2025-06-22 09:00:00,2280.64,2285.82,2163.74,2196.48,605679765.3606833
2025-06-22 08:30:00,2276.84,2281.57,2266.36,2280.51,1829099324.9007804
2025-06-22 08:00:00,2274.19,2288.7,2271.37,2277,349662171.04350275
2025-06-22 07:30:00,2280.46,2281.8,2270.13,2274.17,1418319193.383665
2025-06-22 07:00:00,2260.09,2281.49,2259.14,2280.01,1159708058.5457518
2025-06-22 06:30:00,2255.36,2265.92,2254.24,2260.17,1758309555.5028162
2025-06-22 06:00:00,2242.78,2262.51,2239.73,2255.56,1393016078.6792247
2025-06-22 05:30:00,2257.17,2264.98,2237.82,2242.88,2367208728.674735
2025-06-22 05:00:00,2275.25,2280.85,2253.73,2257.3,1251501480.6917393
2025-06-22 04:30:00,2275.2,2277.64,2269.17,2275.4,1668133735.0480042
2025-06-22 04:00:00,2271.48,2278.88,2264.09,2274.6,1061354019.7031858
2025-06-22 03:30:00,2285.31,2285.31,2268.43,2271.2,1243509823.5730982
2025-06-22 03:00:00,2287.87,2289.99,2280.73,2285.61,1225423190.061116
2025-06-22 02:30:00,2291.68,2294.47,2284.81,2287.96,445204186.4503254
2025-06-22 02:00:00,2289.6,2298.91,2284.8,2291.54,1147519275.3719351
2025-06-22 01:30:00,2289.44,2292.41,2280,2289.6,1185996669.6529422
2025-06-22 01:00:00,2282.76,2295,2282.37,2289.52,2148495429.420687
2025-06-22 00:30:00,2279.66,2289.55,2276.46,2282.77,1288066388.3591805
2025-06-22 00:00:00,2265.37,2285.44,2262.58,2279.7,2799373686.226848
2025-06-21 23:30:00,2256.15,2266.25,2255.62,2265.49,4244311797.1315327
2025-06-21 23:00:00,2266.44,2276.79,2251.53,2256.09,2432845614.943318
2025-06-21 22:30:00,2266.94,2272.71,2247.04,2266.25,1907731111.3346121
2025-06-21 22:00:00,2267.25,2285.62,2254.99,2266.94,3178475080.660055
2025-06-21 21:30:00,2287.88,2289.22,2265.77,2267.41,1046381999.5861988
2025-06-21 21:00:00,2295.5,2302.02,2279.64,2287.95,1295717809.826997
2025-06-21 20:30:00,2285.31,2315.15,2279,2295.57,2701015635.8541694
2025-06-21 20:00:00,2297.26,2314.29,2256.77,2284.59,3046184093.252791
2025-06-21 19:30:00,2262.92,2314.38,2217.06,2297.28,3462898535.077353
2025-06-21 19:00:00,2287.73,2292.43,2260.35,2262.72,371196176.24718034
2025-06-21 18:30:00,2303.77,2304.64,2279.62,2287.48,3836532712.599319
2025-06-21 18:00:00,2282.63,2308.7,2280.71,2304.23,3567200387.8817554
2025-06-21 17:30:00,2340.23,2340.23,2237.64,2283.02,5195355136
2025-06-21 17:00:00,2404.04,2406.23,2295.19,2339.76,7484904448
2025-06-21 16:30:00,2393.42,2409.27,2393.42,2404.04,4512688128
2025-06-21 16:00:00,2385.15,2396.18,2378.49,2393.72,5310270464
2025-06-21 15:30:00,2395.27,2397.96,2382.61,2385.14,3187551262.3349147
2025-06-21 15:00:00,2387.67,2400.63,2384.4,2395.44,1163080116.5399523
2025-06-21 14:30:00,2405.89,2412.38,2385.01,2388.1,890606022.2198397
2025-06-21 14:00:00,2399.8,2409.59,2399.05,2405.9,1042291232.7652723
2025-06-21 13:30:00,2415.4,2415.42,2396.78,2399.69,1500490559.2674854
2025-06-21 13:00:00,2417.2,2424.54,2414.43,2415.43,4246933.8690991625
2025-06-21 12:30:00,2428.09,2428.24,2414.29,2416.81,2160708224.997347
2025-06-21 12:00:00,2424.02,2428.6,2418.46,2428.1,759166392.6571693
2025-06-21 11:30:00,2416.7,2426.24,2412.69,2424.09,3321879388.104948
2025-06-21 11:00:00,2420.04,2428.26,2413.85,2416.71,1109863643.310453
2025-06-21 10:30:00,2418.48,2435.17,2417,2419.95,973980255.5731772
2025-06-21 10:00:00,2420.76,2425.64,2414.74,2418.48,1923715147.5366378
2025-06-21 09:30:00,2442.59,2443.21,2413.53,2420.91,1837233853.2083666
2025-06-21 09:00:00,2436.48,2443.45,2436.28,2442.6,462237474.9579352
2025-06-21 08:30:00,2443.69,2444.27,2434.64,2436.26,58201418.49570451
2025-06-21 08:00:00,2443.17,2445.73,2439.45,2443.69,57496503.35817535
2025-06-21 07:30:00,2443.09,2447.44,2437.89,2443.16,322612920.1569512
2025-06-21 07:00:00,2439.6,2444.69,2436.66,2443.14,341796955.8019742
2025-06-21 06:30:00,2443.22,2443.96,2431.68,2439.45,2018991374.351269
2025-06-21 06:00:00,2445.47,2447.81,2437.94,2443.34,964267558.0798376
2025-06-21 05:30:00,2438.02,2449.05,2436,2445.36,1192862882.8647587
2025-06-21 05:00:00,2442.09,2442.55,2432.83,2438.03,165079451.1530157
2025-06-21 04:30:00,2426.77,2444.54,2425.69,2442.15,1776049985.060047
2025-06-21 04:00:00,2427.34,2432.33,2424.04,2426.52,811572684.1315725
2025-06-21 03:30:00,2425.61,2428.72,2424.5,2427.55,114733524.70799303
2025-06-21 03:00:00,2425.85,2426.52,2420.38,2425.6,1917909125.7585077
2025-06-21 02:30:00,2425.87,2429.09,2423.74,2425.44,1066049729.1009814
2025-06-21 02:00:00,2424.64,2426.92,2421.59,2425.87,406363.6637193482
2025-06-21 01:30:00,2427.24,2427.87,2421.8,2424.64,1886481374.124521
2025-06-21 01:00:00,2423.62,2427.87,2419.37,2427.21,33459926.145774547
2025-06-21 00:30:00,2422.27,2425,2419.39,2423.59,2712041580.5939326
2025-06-21 00:00:00,2426.15,2427.61,2421.37,2422.4,989810821.0842746
2025-06-20 23:30:00,2429.82,2431.72,2426.01,2426.13,38252157.49535021
2025-06-20 23:00:00,2423.34,2430.71,2423.34,2429.64,1919602809.4320557
2025-06-20 22:30:00,2419.11,2424.82,2418.9,2423.59,1085823333.3036375
2025-06-20 22:00:00,2431.73,2433.81,2418.51,2419.26,81495726.29886441
2025-06-20 21:30:00,2420,2432.88,2416.92,2431.73,2113904211.743342
2025-06-20 21:00:00,2411.85,2420.63,2410.76,2420.08,617984896.0661988
2025-06-20 20:30:00,2413.59,2420.94,2409.37,2411.95,590281907.9843715
2025-06-20 20:00:00,2407.2,2413.89,2396.39,2413.52,269385431.55678034
2025-06-20 19:30:00,2401.02,2408.56,2399.7,2407.2,2376646489.005501
2025-06-20 19:00:00,2391.51,2401.38,2384,2401.02,2650234867.0142956
2025-06-20 18:30:00,2404.09,2409.55,2382.53,2391.68,3262892015.5524645
2025-06-20 18:00:00,2417.3,2418.89,2401.06,2404.21,2187132874.068068
2025-06-20 17:30:00,2417.31,2427.88,2415.54,2417.48,8255048550.430809
2025-06-20 17:00:00,2427.71,2427.77,2411,2417.59,2203897856
2025-06-20 16:30:00,2431.63,2436.68,2425.9,2427.52,7146158080
2025-06-20 16:00:00,2414.83,2438.58,2414.25,2432.02,6406596608
2025-06-20 15:30:00,2407.63,2424.82,2406.9,2415.05,2770120704
2025-06-20 15:00:00,2420.4,2421.74,2394.83,2407.25,5365051392
2025-06-20 14:30:00,2419.91,2432.1,2417.75,2420.46,7252254720
2025-06-20 14:00:00,2419.82,2435.96,2413.61,2419.69,4277465088
2025-06-20 13:30:00,2418.19,2426.45,2368.35,2419.92,3665454375.3114333
2025-06-20 13:00:00,2482.94,2487.93,2406.71,2418.2,1423532376.892619
2025-06-20 12:30:00,2485.52,2491.27,2479.35,2482.88,946999800.16886
2025-06-20 12:00:00,2494.41,2496.6,2476.31,2485.67,1375821103.4094865
2025-06-20 11:30:00,2496.94,2509.53,2488,2494.53,3766680759.1508017
2025-06-20 11:00:00,2490.1,2505,2488.58,2497.1,3092318596.3718343
2025-06-20 10:30:00,2520.47,2524.41,2489.52,2490.1,2689478488.6681695
2025-06-20 10:00:00,2536.58,2541.62,2512.78,2520.2,2303072849.213321
2025-06-20 09:30:00,2555.38,2559.58,2528.63,2536.67,2436039246.2784915
2025-06-20 09:00:00,2552.45,2560,2552.44,2555.68,2319294228.048413
2025-06-20 08:30:00,2551.63,2558.75,2550.25,2552.45,1016845275.4136043
2025-06-20 08:00:00,2550.05,2557,2547.33,2551.27,1129491312.9719822
2025-06-20 07:30:00,2545.31,2556.38,2542.62,2550.29,945127358.9735159
2025-06-20 07:00:00,2553.22,2553.85,2541.63,2545.34,2883573343.0699253
2025-06-20 06:30:00,2554.81,2557.69,2551.94,2553.3,408821402.7010026
2025-06-20 06:00:00,2553.98,2558,2548.06,2554.93,2206083412.547862
2025-06-20 05:30:00,2548.1,2555.63,2546.65,2553.98,71825786.78915368
2025-06-20 05:00:00,2553.9,2556.26,2546.07,2547.96,3887006070.5853415
2025-06-20 04:30:00,2561.76,2564.32,2544.08,2554.06,806804763.6896027
2025-06-20 04:00:00,2549.63,2569.2,2547.91,2561.76,1705450930.0412505
2025-06-20 03:30:00,2533.98,2552.38,2533.8,2549.99,3985589198.9701653
2025-06-20 03:00:00,2521.55,2541,2519.6,2533.99,12751447.258826135
2025-06-20 02:30:00,2522.21,2523.62,2518.66,2521.77,87138525.52611263
2025-06-20 02:00:00,2516.43,2524.72,2516.24,2522.21,1895779255.1822724
2025-06-20 01:30:00,2507.72,2516.83,2506.86,2516.1,984448652.3009858
2025-06-20 01:00:00,2504.53,2510.31,2503.94,2507.72,2105887066.8706765
2025-06-20 00:30:00,2512.03,2512.99,2504.01,2504.53,3144144555.5307755
2025-06-20 00:00:00,2517.73,2520.92,2509.12,2511.79,47051432.38677463
2025-06-19 23:30:00,2521.91,2522.07,2516.65,2517.66,1872701169.339854
2025-06-19 23:00:00,2518.21,2523.48,2511.12,2521.91,1273983792.0920808
2025-06-19 22:30:00,2522.65,2522.65,2514.19,2518.21,1803218924.5700727
2025-06-19 22:00:00,2527.72,2528.94,2522.49,2522.65,1845921744.9480152
2025-06-19 21:30:00,2517.72,2531,2517.2,2527.82,966994645.2454878
2025-06-19 21:00:00,2526.1,2527.83,2516.93,2517.72,1787088033.647221
2025-06-19 20:30:00,2523.22,2531.24,2522.82,2526.21,827335186.389518
2025-06-19 20:00:00,2521.79,2532.62,2520.63,2523.23,923618071.5851285
2025-06-19 19:30:00,2523.01,2526.34,2519.95,2521.52,2230289022.3261156
2025-06-19 19:00:00,2524.2,2530.62,2519.56,2522.91,1032426857.0191488
2025-06-19 18:30:00,2518.4,2532.86,2517.93,2524.2,1245701486.964642
2025-06-19 18:00:00,2510.55,2521.23,2510.19,2518.38,1031202342.5939759
2025-06-19 17:30:00,2508.76,2515.52,2504.59,2510.55,2380108362.2607055
2025-06-19 17:00:00,2507.53,2514.82,2505.27,2509.05,2813905370.2524095
2025-06-19 16:30:00,2511.35,2513.58,2502.92,2507.53,5389143040
2025-06-19 16:00:00,2505.39,2517.12,2505.39,2511.31,6452814848
2025-06-19 15:30:00,2509.49,2510.6,2502.88,2505.29,1027246080
2025-06-19 15:00:00,2505.19,2511.31,2498.35,2509.58,2506806024.854961
2025-06-19 14:30:00,2510.36,2513.72,2499.65,2505.19,7030102016
2025-06-19 14:00:00,2508.88,2518.27,2507.23,2510.35,5586783232
2025-06-19 13:30:00,2496.15,2523,2494.84,2508.88,3469902242.6283402
2025-06-19 13:00:00,2488.43,2497.17,2486.71,2496.15,3806678016
2025-06-19 12:30:00,2501.17,2502.89,2485.37,2488.42,2141499343.5011294
2025-06-19 12:00:00,2493.53,2504.74,2493.45,2500.97,937988285.5628407
2025-06-19 11:30:00,2500.84,2503.46,2490.65,2493.72,955991351.5319022
2025-06-19 11:00:00,2497.56,2505.96,2495.36,2501.32,1672061134.7120318
2025-06-19 10:30:00,2519.41,2520.58,2495.47,2497.56,899037310.029136
2025-06-19 10:00:00,2510.27,2522.74,2510.01,2519.4,1449464164.4067247
2025-06-19 09:30:00,2524.84,2524.9,2507.71,2510.18,2132798469.360678
2025-06-19 09:00:00,2525.98,2526.56,2517.6,2524.84,2980172100.430253
2025-06-19 08:30:00,2534.5,2535.88,2520.06,2525.83,1948391977.1531286
2025-06-19 08:00:00,2532.47,2537.63,2525.86,2534.6,24481306.137845058
2025-06-19 07:30:00,2532.18,2534.3,2527.95,2532.61,916612490.4888116
2025-06-19 07:00:00,2539.14,2539.15,2530.59,2532.13,1013801976.5839741
2025-06-19 06:30:00,2543.72,2544.92,2535.37,2538.81,1329640796.3483095
2025-06-19 06:00:00,2538.74,2544.7,2534.22,2543.72,14308318.258684188
2025-06-19 05:30:00,2530.41,2543.47,2529.43,2538.74,1656538514.2885492
2025-06-19 05:00:00,2523.86,2530.77,2522.47,2530.41,1240638147.4103825
2025-06-19 04:30:00,2527.32,2530.57,2522.94,2523.96,52121055.408864096
2025-06-19 04:00:00,2519.41,2528.29,2519.14,2527.47,1852601476.762189
2025-06-19 03:30:00,2520.37,2524.34,2518.07,2519.17,70884961.61313373
2025-06-19 03:00:00,2519.7,2526.31,2518.27,2520.54,902555968.8162907
2025-06-19 02:30:00,2517.2,2521.57,2517.2,2519.57,1026488781.3643489
2025-06-19 02:00:00,2522.48,2528.05,2517,2517.2,16466360.7838681
2025-06-19 01:30:00,2529.65,2531.75,2520.4,2522.62,1000933054.8225976
2025-06-19 01:00:00,2524.9,2531.72,2522.56,2529.42,1090439739.5490751
2025-06-19 00:30:00,2517.09,2525.22,2515,2525.14,130478939.33064656
2025-06-19 00:00:00,2526,2526.19,2516.45,2517.08,1350880802.8707976
2025-06-18 23:30:00,2524.1,2526.98,2519.55,2526,1336593145.8682234
2025-06-18 23:00:00,2515.08,2525.12,2514.85,2524.11,1006403432.5354073
2025-06-18 22:30:00,2514.71,2527.31,2513.31,2515.06,2002141853.8291566
2025-06-18 22:00:00,2515.59,2521.1,2508.34,2514.72,1221447229.6984487
2025-06-18 21:30:00,2522.46,2522.5,2511.26,2515.6,1357889480.3894784
2025-06-18 21:00:00,2530.3,2531.63,2507,2522.45,1580350555.6205888
2025-06-18 20:30:00,2536.31,2548.35,2529,2530.29,2350583772.492748
2025-06-18 20:00:00,2525.49,2537.06,2514.01,2536.33,2122726029.2609503
2025-06-18 19:30:00,2522.11,2526.6,2515.19,2525.54,1033069964.2880832
2025-06-18 19:00:00,2525.85,2533.95,2520.46,2522.24,149797823.65692812
2025-06-18 18:30:00,2529.14,2530.1,2523.02,2526.16,1012224006.9687691
2025-06-18 18:00:00,2529.09,2534.91,2520.61,2528.86,2086555616.2909985
2025-06-18 17:30:00,2523.77,2538.21,2520.96,2529.62,1555125204.425482
2025-06-18 17:00:00,2529.36,2532.73,2511.12,2523.78,2126098633.9715476
2025-06-18 16:30:00,2504.29,2538.9,2502.35,2529.37,817645186.0264969
2025-06-18 16:00:00,2492.93,2505,2483.41,2504.27,3831170308.0039396
2025-06-18 15:30:00,2489.17,2504.45,2487.3,2492.94,1454226857.8797987
2025-06-18 15:00:00,2475.95,2510.95,2471.41,2488.93,1522098241.7968915
2025-06-18 14:30:00,2495.12,2511.33,2473.51,2475.83,2036068466.244443
2025-06-18 14:00:00,2497.11,2519.67,2481.31,2495.48,3692100266.9237623
2025-06-18 13:30:00,2482.9,2504.49,2467.44,2497.26,2435649261.939675
2025-06-18 13:00:00,2500.5,2501.16,2480.19,2482.99,375869983.0327266
2025-06-18 12:30:00,2498.12,2508.51,2496.13,2500.71,1358206346.6728835
2025-06-18 12:00:00,2509.81,2515.5,2495.63,2498.19,154602198.2341601
2025-06-18 11:30:00,2511.3,2521.34,2505.27,2509.88,803602515.3922594
2025-06-18 11:00:00,2506.12,2516.43,2491.28,2512.02,2307882820.449835
2025-06-18 10:30:00,2533.71,2537.63,2495.48,2506.12,865192284.9751172
2025-06-18 10:00:00,2502.28,2539.52,2494.62,2533.84,2899432487.3481665
2025-06-18 09:30:00,2471.34,2506.39,2466.38,2503.12,4319373653.829066
2025-06-18 09:00:00,2494.21,2495.36,2468.23,2471.71,2048686866.7105448
2025-06-18 08:30:00,2504.89,2507.73,2491.58,2494.21,190484150.36716124
2025-06-18 08:00:00,2514.35,2516.54,2502.2,2504.82,1019305223.8155233
2025-06-18 07:30:00,2506.62,2517.58,2502.08,2514.34,125223566.10039018
2025-06-18 07:00:00,2495.33,2507.34,2490.96,2506.62,2177652820.97185
2025-06-18 06:30:00,2515.89,2518.22,2489.38,2495.27,2045269979.4459949
2025-06-18 06:00:00,2527.21,2530.1,2512.68,2515.9,1902267531.7208948
2025-06-18 05:30:00,2535.53,2535.69,2521.05,2527.07,1353257941.6850092
2025-06-18 05:00:00,2533.85,2541.14,2531.57,2535.54,960077024.3828053
2025-06-18 04:30:00,2537.7,2538.1,2527.24,2533.89,131202794.70207527
2025-06-18 04:00:00,2533.93,2548.52,2533,2537.78,1362386415.5923004
2025-06-18 03:30:00,2525.82,2534.18,2523.9,2533.93,1083596946.3247597
2025-06-18 03:00:00,2524.36,2527.72,2518.29,2525.85,2084751882.4627812
2025-06-18 02:30:00,2533.53,2537.86,2520.01,2525.19,17614918.95941527
2025-06-18 02:00:00,2537.72,2541.32,2530.63,2533.54,148433171.1932185
2025-06-18 01:30:00,2538.42,2544.2,2536.67,2537.29,1622371935.2778091
2025-06-18 01:00:00,2537.68,2540.7,2534.34,2538.66,2139346936.9926028
2025-06-18 00:30:00,2530.4,2547.01,2528.98,2537.67,1550489848.3822134
2025-06-18 00:00:00,2528.52,2535.34,2525.9,2530.23,1970797056.084888
2025-06-17 23:30:00,2522.68,2532.5,2522.68,2528.37,31423817.768154584
2025-06-17 23:00:00,2515.43,2524.82,2512.01,2522.67,3046755515.3900185
2025-06-17 22:30:00,2527.27,2530.25,2515.36,2515.44,1451307474.1125433
2025-06-17 22:00:00,2520.03,2529.23,2514.66,2527.27,873282142.0428514
2025-06-17 21:30:00,2522.53,2529.89,2518.75,2519.93,1133135633.2314868
2025-06-17 21:00:00,2526.42,2536.92,2521.86,2522.47,2401384867.8685384
2025-06-17 20:30:00,2509.8,2530.24,2506.43,2526.49,1854634452.0844252
2025-06-17 20:00:00,2510.64,2522.01,2508.39,2509.67,2177518793.350399
2025-06-17 19:30:00,2513.34,2519.97,2509.82,2510.7,1213357939.3557432
2025-06-17 19:00:00,2495.02,2514.27,2493.71,2513.37,1752735566.4520955
2025-06-17 18:30:00,2515.99,2516.63,2492.37,2495.04,907757837.4380577
2025-06-17 18:00:00,2520.57,2521.8,2511.39,2516,1107225334.8887863
2025-06-17 17:30:00,2517.02,2526.54,2512.24,2520.32,1619274631.198994
2025-06-17 17:00:00,2511.25,2518.62,2502.23,2517.2,2599256900.897368
2025-06-17 16:30:00,2524.41,2527.86,2507.27,2511.44,3277676567.2371793
2025-06-17 16:00:00,2529.14,2535.03,2510.49,2524.5,3671583431.58394
2025-06-17 15:30:00,2534.1,2544.23,2526.11,2529.01,4208340921.424134
2025-06-17 15:00:00,2497.87,2542.43,2497.56,2534.3,7718148096
2025-06-17 14:30:00,2465.51,2498.12,2465.39,2497.87,873679375.3245168
2025-06-17 14:00:00,2467.55,2479.1,2464.77,2465.38,2251736634.1968446
2025-06-17 13:30:00,2476.84,2487.75,2465.1,2467.72,2575259748.3743396
2025-06-17 13:00:00,2461.86,2478.4,2454,2476.88,2097302969.816037
2025-06-17 12:30:00,2486.99,2498,2459,2462.06,2792760069.471534
2025-06-17 12:00:00,2499.49,2503.25,2485.38,2487.1,1823458556.8624592
2025-06-17 11:30:00,2496.65,2506.86,2482.14,2499.2,2676536002.5757484
2025-06-17 11:00:00,2534.21,2541.38,2490.8,2496.64,928521633.0924246
2025-06-17 10:30:00,2559.68,2562.57,2529.34,2534.44,1495745292.6841116
2025-06-17 10:00:00,2553.49,2569.38,2547.79,2560.21,2928342631.616477
2025-06-17 09:30:00,2557.31,2564.54,2547.55,2553.15,3586186336.1569977
2025-06-17 09:00:00,2548.1,2558.35,2546.95,2557.31,1184349492.921215
2025-06-17 08:30:00,2550.24,2560.09,2545.91,2548.42,1557923027.1002302
2025-06-17 08:00:00,2552.68,2558.72,2549.11,2550.19,2044757950.2012777
2025-06-17 07:30:00,2544.84,2554.14,2543.72,2552.75,1039389234.7947946
2025-06-17 07:00:00,2557.16,2557.65,2542.18,2544.84,2121470558.9371
2025-06-17 06:30:00,2562.88,2564.12,2545.05,2557.56,1201799950.2496016
2025-06-17 06:00:00,2567.04,2569.68,2555.22,2563.15,1176356146.3792052
2025-06-17 05:30:00,2570.17,2574.14,2561.9,2566.89,2663259028.2015767
2025-06-17 05:00:00,2571.93,2577.2,2563.85,2570.31,1041554653.3715336
2025-06-17 04:30:00,2581.42,2581.42,2566.14,2572.02,1199889963.116056
2025-06-17 04:00:00,2582.67,2586.27,2574.74,2581.42,2186436264.7681375
2025-06-17 03:30:00,2570.91,2586.98,2570.91,2583.05,1444971770.989057
2025-06-17 03:00:00,2582.87,2587.03,2570.73,2571.08,931025016.4950147
2025-06-17 02:30:00,2583.43,2586,2577.02,2582.85,92380945.97033176
2025-06-17 02:00:00,2580.39,2588.95,2575.27,2583.24,2237271060.5616393
2025-06-17 01:30:00,2586.8,2590.12,2576.77,2580.52,1349520466.3028383
2025-06-17 01:00:00,2592.33,2598.77,2578,2586.91,3171887231.759011
2025-06-17 00:30:00,2596.42,2599.19,2588.16,2592.62,5258680971.579099
2025-06-17 00:00:00,2608.23,2611.19,2593.2,2596.4,17307622.38510303
2025-06-16 23:30:00,2608.27,2614.41,2604.67,2608.23,2381260642.9654684
2025-06-16 23:00:00,2609.44,2619.44,2601.57,2608.02,3495274816.2143583
2025-06-16 22:30:00,2564.61,2617.16,2558.87,2609.26,2391131932.662538
2025-06-16 22:00:00,2581.71,2582.15,2562.2,2564.19,1674445232.8655713
2025-06-16 21:30:00,2580.01,2591.2,2578.31,2581.71,2340734972.5654616
2025-06-16 21:00:00,2588.56,2593.14,2574.32,2579.96,1407667664.8637636
2025-06-16 20:30:00,2572.25,2589.61,2558.77,2588.24,1809325198.080989
2025-06-16 20:00:00,2545.41,2573.55,2524.22,2571.77,2492796533.36794
2025-06-16 19:30:00,2576.36,2581.13,2536.3,2545.27,1777658801.8582625
2025-06-16 19:00:00,2571.42,2597.85,2562.14,2576.47,3226113808.6083217
2025-06-16 18:30:00,2656.99,2657.17,2545.22,2571.6,2408597401.7582107
2025-06-16 18:00:00,2650.07,2658.88,2649.15,2657,2496543447.717598
2025-06-16 17:30:00,2659.26,2659.67,2645.99,2650.19,4236817304.9161453
2025-06-16 17:00:00,2670.81,2672.9,2651.89,2659.18,2132883076.8605464
2025-06-16 16:30:00,2659.46,2681.97,2656.88,2670.82,1620801595.9323125
2025-06-16 16:00:00,2661.64,2662.41,2645.11,2659.7,3195907400.51726
2025-06-16 15:30:00,2666.95,2667.4,2650.03,2661.79,5918058496
2025-06-16 15:00:00,2654.91,2672.24,2645.9,2666.37,4765169664
2025-06-16 14:30:00,2644.4,2655.79,2638.77,2655.35,5926330368
2025-06-16 14:00:00,2634.74,2646.72,2632.76,2644.31,6029719552
2025-06-16 13:30:00,2638.96,2643.69,2629.99,2634.91,7128103189.204989
2025-06-16 13:00:00,2637.05,2642.79,2632.2,2638.96,2637679905.346333
2025-06-16 12:30:00,2637.42,2643.79,2628.66,2637.17,3068954837.4270573
2025-06-16 12:00:00,2633.47,2646.79,2629.17,2637.41,2973934569.3577323
2025-06-16 11:30:00,2638.5,2648.37,2629.69,2633.35,2087008381.4767048
2025-06-16 11:00:00,2641,2646.93,2635.5,2638.52,2675759689.8655653
2025-06-16 10:30:00,2640.93,2658.71,2638.41,2640.99,1448735762.3437579
2025-06-16 10:00:00,2640.84,2646.79,2628,2640.93,1502039280.3574705
2025-06-16 09:30:00,2613,2647.09,2610.38,2641.03,1251889387.1999803
2025-06-16 09:00:00,2615.63,2619.23,2608.56,2613.01,3103962175.902372
2025-06-16 08:30:00,2610.03,2619.79,2606.63,2615.7,1058945923.2025474
2025-06-16 08:00:00,2617.2,2617.58,2605,2610.02,1220319157.879253
2025-06-16 07:30:00,2598.07,2620.59,2597.21,2617.78,1451285716.9039755
2025-06-16 07:00:00,2617.55,2617.55,2592.57,2598.07,3870746740.5771313
2025-06-16 06:30:00,2626.48,2626.99,2610.9,2617.12,57055211.097843245
2025-06-16 06:00:00,2621.89,2634.52,2621.55,2626.59,2484200638.785778
2025-06-16 05:30:00,2624.99,2626.08,2618.95,2621.89,585072581.730555
2025-06-16 05:00:00,2630.69,2631.31,2622.78,2624.86,1081413616.7610886
2025-06-16 04:30:00,2623.61,2630.74,2622.7,2630.74,1387392182.3632994
2025-06-16 04:00:00,2629.28,2631.65,2622,2623.84,2226724146.187932
2025-06-16 03:30:00,2624.45,2633.15,2622.59,2629.22,2124863432.8711994
2025-06-16 03:00:00,2608.2,2640,2608.2,2624.52,2539077140.555742
2025-06-16 02:30:00,2611.6,2620.63,2606.1,2608.06,1083449269.4268465
2025-06-16 02:00:00,2607.78,2617.18,2603.83,2611.67,2112723303.1773784
2025-06-16 01:30:00,2597.42,2621.15,2595.3,2607.9,3506952400.164018
2025-06-16 01:00:00,2576.34,2598.48,2573.92,2597.49,1051822900.8347981
2025-06-16 00:30:00,2573.34,2579.01,2570.92,2576.57,1107759046.427808
2025-06-16 00:00:00,2568.95,2579.06,2567.18,2573.43,187856669.10599554
2025-06-15 23:30:00,2572.68,2574.1,2568.32,2568.91,1098530510.9357414
2025-06-15 23:00:00,2574.89,2576.03,2565.16,2572.68,2046868352.8755887
2025-06-15 22:30:00,2569.86,2578.57,2566.86,2575,3658743630.6064606
2025-06-15 22:00:00,2554.65,2579.5,2554.65,2569.96,2142071037.8611383
2025-06-15 21:30:00,2523.11,2559.76,2515.23,2554.48,277447295.5912722
2025-06-15 21:00:00,2545.21,2547.02,2520.14,2522.98,1601237463.6243842
2025-06-15 20:30:00,2543.19,2549,2539.04,2545.21,2109475360.9420269
2025-06-15 20:00:00,2547.95,2553.01,2538.53,2542.98,344497383.3743424
2025-06-15 19:30:00,2544.88,2550.12,2543.97,2548.03,1063452414.0591782
2025-06-15 19:00:00,2545.31,2548.82,2540,2545.01,2054938197.2765608
2025-06-15 18:30:00,2540.54,2550,2534.49,2545.3,1315226741.123165
2025-06-15 18:00:00,2517.72,2547.57,2514.15,2540.39,4575536541.840316
2025-06-15 17:30:00,2513.82,2520.07,2504.86,2517.82,2393317543.51313
2025-06-15 17:00:00,2503.92,2514.09,2498.33,2513.81,1540106022.9039779
2025-06-15 16:30:00,2513.82,2520,2492.42,2503.99,2896289417.6617956
2025-06-15 16:00:00,2537.44,2537.88,2512.52,2514.26,5003286123.191186
2025-06-15 15:30:00,2547.66,2549.93,2531.45,2537.44,3979248767.027314
2025-06-15 15:00:00,2549.25,2554.06,2546.03,2547.5,3986111654.459998
2025-06-15 14:30:00,2546.21,2550.27,2543.54,2549.24,3110085632
2025-06-15 14:00:00,2554.37,2555.47,2541.66,2546.24,3046515712
2025-06-15 13:30:00,2549.41,2559.94,2546.19,2554.37,3309412352
2025-06-15 13:00:00,2552.08,2553.15,2545.2,2549.79,4270524121.298256
2025-06-15 12:30:00,2544.16,2556.82,2540.34,2552.24,7852517376
2025-06-15 12:00:00,2542.6,2549,2536.69,2544.17,3183777792
2025-06-15 11:30:00,2552.28,2554.59,2539.36,2542.52,1084747804.2453952
2025-06-15 11:00:00,2549.58,2552.4,2545.06,2552.19,984268448.0333236
2025-06-15 10:30:00,2539.86,2555.57,2536.5,2549.48,1283766022.5285609
2025-06-15 10:00:00,2543.74,2549.99,2537.9,2539.86,207781888
2025-06-15 09:30:00,2534.18,2545.77,2528.68,2543.73,1201806533.0293148
2025-06-15 09:00:00,2526.74,2539.14,2523.59,2534.2,2030123036.4334562
2025-06-15 08:30:00,2519.44,2528.27,2518.25,2526.82,1026572246.3778455
2025-06-15 08:00:00,2516.94,2525.81,2516.59,2519.47,3683357233.2779536
2025-06-15 07:30:00,2516.18,2522.23,2512.53,2517.07,983315167.1135286
2025-06-15 07:00:00,2521.31,2524.57,2515.55,2516.17,75511031.40717652
2025-06-15 06:30:00,2517.72,2522.67,2514.52,2521.02,1896807792.6368158
2025-06-15 06:00:00,2511.42,2524.86,2510.98,2517.72,2061110972.3541555
2025-06-15 05:30:00,2513.88,2517.72,2509.3,2510.93,144093899.13844573
2025-06-15 05:00:00,2521.49,2521.49,2511.23,2513.89,1061904565.7377673
2025-06-15 04:30:00,2525.03,2526.84,2519.6,2521.5,1136437215.1157892
2025-06-15 04:00:00,2529.66,2531.21,2520.51,2525.01,1839187776.8212206
2025-06-15 03:30:00,2529.75,2532.78,2524,2529.52,203838617.42504185
2025-06-15 03:00:00,2536.91,2537.63,2526.38,2529.75,1055675722.9548913
2025-06-15 02:30:00,2537.66,2539.65,2534.75,2536.92,1059642368
2025-06-15 02:00:00,2552.24,2553.81,2534.63,2537.4,2319144652.79174
2025-06-15 01:30:00,2542.27,2553.53,2541.35,2551.98,1189979218.1170852
2025-06-15 01:00:00,2544.75,2544.75,2536.19,2542.26,1631420067.8366988
2025-06-15 00:30:00,2534.13,2547.25,2533.12,2544.76,1041594991.8053418
2025-06-15 00:00:00,2531.38,2536.12,2530.75,2533.91,11088320.613221392
2025-06-14 23:30:00,2532.72,2537.18,2530.8,2531.41,25453632.66755494
2025-06-14 23:00:00,2530.53,2534.81,2528.9,2532.89,26295090.63526721
2025-06-14 22:30:00,2536.56,2537.49,2529.18,2530.67,1051308977.1469722
2025-06-14 22:00:00,2530.48,2539.34,2530.36,2536.58,1052387810.5493938
2025-06-14 21:30:00,2529.61,2534.53,2526.15,2530.37,73138523.93507169
2025-06-14 21:00:00,2538.79,2540.65,2527.2,2529.62,971415164.6271043
2025-06-14 20:30:00,2536.15,2542.13,2532.33,2538.79,3472053713.915364
2025-06-14 20:00:00,2531.98,2539.4,2529.81,2536.16,3670895.2747057835
2025-06-14 19:30:00,2531.7,2540.99,2529.71,2531.97,184690520.9371855
2025-06-14 19:00:00,2527.3,2534,2527.01,2531.54,946323491.1810148
2025-06-14 18:30:00,2529.86,2529.86,2519.02,2526.94,1905407653.7870152
2025-06-14 18:00:00,2529.02,2534.51,2525.62,2529.96,3091739339.627334
2025-06-14 17:30:00,2521.57,2535.9,2514.83,2528.66,740032018.7500532
2025-06-14 17:00:00,2510.45,2522,2507.44,2521.52,970601846.2105008
2025-06-14 16:30:00,2507.9,2514.93,2503.1,2510.44,2622140356.5700817
2025-06-14 16:00:00,2509.04,2514.82,2498.06,2507.78,2690255572.3581915
2025-06-14 15:30:00,2515.53,2522.96,2507.83,2509.03,1743987234.7025955
2025-06-14 15:00:00,2509.63,2519.23,2505.66,2515.56,1529731343.5797477
2025-06-14 14:30:00,2504.96,2510.77,2490,2509.27,3186609888.337805
2025-06-14 14:00:00,2512.72,2524.3,2504.5,2505.12,1096397679.0047748
2025-06-14 13:30:00,2516.29,2517.55,2504.2,2512.64,1374006272.8999262
2025-06-14 13:00:00,2498.73,2519.78,2490.01,2516.47,1780292802.8329928
2025-06-14 12:30:00,2513.22,2515.54,2492.48,2498.71,560496143.1698768
2025-06-14 12:00:00,2520.44,2526.99,2510.66,2512.9,23105233.87994302
2025-06-14 11:30:00,2524.11,2524.86,2506.17,2520.71,3630189791.7879567
2025-06-14 11:00:00,2530.49,2534.67,2520.84,2523.96,2718375.8025691016
2025-06-14 10:30:00,2534.71,2536.06,2525.19,2530.68,933667841.7974924
2025-06-14 10:00:00,2536.11,2538.5,2531.94,2534.7,1474272944.8412533
2025-06-14 09:30:00,2539.5,2539.69,2527.37,2535.92,85141560.76958658
2025-06-14 09:00:00,2537.69,2547.77,2535.93,2539.5,1847144052.2583213
2025-06-14 08:30:00,2533.35,2540.38,2530.17,2537.83,2132280812.846916
2025-06-14 08:00:00,2539.7,2540.9,2529.94,2533.52,797381760.1108391
2025-06-14 07:30:00,2536.8,2541.16,2531.84,2539.7,948843281.2963874
2025-06-14 07:00:00,2532.38,2540.41,2532.38,2536.8,1245519.7628627955
2025-06-14 06:30:00,2531.84,2536.69,2528.84,2532.38,2052622432.3549633
2025-06-14 06:00:00,2524.33,2532.32,2518.88,2531.89,1045860907.2630007
2025-06-14 05:30:00,2531.76,2532.93,2523.2,2524.45,953179454.7746195
2025-06-14 05:00:00,2537.07,2537.07,2529.75,2531.94,2407054857.6611714
2025-06-14 04:30:00,2535.19,2539.33,2528.33,2537.09,1318927334.6503003
2025-06-14 04:00:00,2538.62,2539.16,2528.15,2535.13,4135735.117803886
2025-06-14 03:30:00,2536.96,2543.54,2535.99,2538.66,1873035190.6904366
2025-06-14 03:00:00,2544.73,2545.36,2528.1,2536.97,919504508.1361829
2025-06-14 02:30:00,2546.64,2549.06,2543.44,2544.44,2056889425.1992092
2025-06-14 02:00:00,2553.14,2557.88,2543.34,2546.68,105966508.91980891
2025-06-14 01:30:00,2551.06,2557.98,2548.71,2553.32,1901503257.840975
2025-06-14 01:00:00,2553.04,2554.54,2548.81,2551.06,2696468.1583271795
2025-06-14 00:30:00,2555.44,2557.79,2551.14,2553.04,936264655.6679804
2025-06-14 00:00:00,2550,2556.51,2549.64,2555.51,1776342653.7515087
2025-06-13 23:30:00,2558.54,2561.6,2548.41,2550.08,1175488174.9977696
2025-06-13 23:00:00,2556.51,2559.82,2551.51,2558.81,765615701.013993
2025-06-13 22:30:00,2559.7,2560.44,2553.93,2556.51,1618274755.9682581
2025-06-13 22:00:00,2559.34,2569.98,2556.81,2559.82,30938538.04579431
2025-06-13 21:30:00,2560.66,2569.31,2555.54,2559.36,92609083.80839556
2025-06-13 21:00:00,2563.73,2564.14,2551.58,2560.79,558174374.8376298
2025-06-13 20:30:00,2566.04,2574.59,2561.2,2563.83,1508868276.335035
2025-06-13 20:00:00,2580.25,2580.86,2559.98,2566.14,514413851.5998356
2025-06-13 19:30:00,2575.98,2584.92,2573.61,2580.21,2070152009.4909256
2025-06-13 19:00:00,2573.24,2582.94,2568.46,2575.98,1073746414.7383075
2025-06-13 18:30:00,2562.84,2576.95,2560.47,2574.45,1152216078.4295967
2025-06-13 18:00:00,2555.71,2571.58,2555.71,2563.13,861000806.8708702
2025-06-13 17:30:00,2555.56,2561.48,2548.68,2555.71,3119763790.3689194
2025-06-13 17:00:00,2548.11,2557.25,2543.69,2555.46,2012313487.5952218
2025-06-13 16:30:00,2538.64,2554.83,2535.87,2548.13,4006826080.5810814
2025-06-13 16:00:00,2528.6,2542.44,2525.2,2538.53,2106750302.1842782
2025-06-13 15:30:00,2529.89,2536.99,2523.94,2529.26,5077368681.762201
2025-06-13 15:00:00,2530.96,2543.34,2522.45,2529.89,6216343552
2025-06-13 14:30:00,2523.43,2539.9,2511,2530.83,2326867968
2025-06-13 14:00:00,2544.65,2547.44,2519.39,2523.44,3470053104.3593507
2025-06-13 13:30:00,2536.66,2547.54,2523.86,2544.46,2765051088.432579
2025-06-13 13:00:00,2563.5,2563.5,2536.54,2536.84,1626567476.2345092
2025-06-13 12:30:00,2569.28,2571.85,2545.88,2563.54,1906382359.7775009
2025-06-13 12:00:00,2553.06,2587.08,2547.9,2569.26,893556434.2724636
2025-06-13 11:30:00,2553.3,2562.2,2545.17,2553.2,2268135151.4203005
2025-06-13 11:00:00,2539.67,2559.57,2531.87,2553.3,3015605691.741671
2025-06-13 10:30:00,2510.06,2542.23,2504.67,2539.85,2089989180.6304111
2025-06-13 10:00:00,2544.77,2558.1,2507.45,2510.05,1759239469.8973238
2025-06-13 09:30:00,2546.37,2563.34,2543.22,2544.65,1648866876.1124725
2025-06-13 09:00:00,2543.57,2550.3,2536.03,2546.13,1356723731.4477432
2025-06-13 08:30:00,2555.08,2564.82,2538.03,2543.55,682695111.3083284
2025-06-13 08:00:00,2546.59,2560.7,2541.32,2555.09,1997000669.6049764
2025-06-13 07:30:00,2525.6,2547.05,2524.53,2546.63,1285180566.7064347
2025-06-13 07:00:00,2534.22,2540.15,2523.59,2525.83,1124994367.4837236
2025-06-13 06:30:00,2519.97,2535.65,2516.77,2533.92,1308749706.448402
2025-06-13 06:00:00,2522.57,2523.95,2510.59,2519.98,1102585070.1244001
2025-06-13 05:30:00,2514.05,2529.1,2508.47,2522.72,427360190.04388785
2025-06-13 05:00:00,2519.14,2524.7,2507.6,2513.82,1218970889.4346807
2025-06-13 04:30:00,2532.3,2535.82,2511.81,2519.26,2451284923.4290314
2025-06-13 04:00:00,2527.95,2542.41,2525.05,2532.31,2333605707.9200706
2025-06-13 03:30:00,2535.84,2543.5,2525.58,2527.99,1320491241.181444
2025-06-13 03:00:00,2534.55,2537,2517.69,2535.76,3514794618.362319
2025-06-13 02:30:00,2494.13,2535.27,2494.13,2534.62,3499862863.8426924
2025-06-13 02:00:00,2508.64,2513.5,2493.88,2494.1,1459209758.623057
2025-06-13 01:30:00,2515.15,2522.04,2508.23,2508.62,1220809875.8939555
2025-06-13 01:00:00,2510.18,2519.92,2505.18,2515.17,1502438396.2478576
2025-06-13 00:30:00,2513.89,2521.5,2507.67,2510.43,1103809238.1631114
2025-06-13 00:00:00,2516.44,2518.26,2497.01,2514.2,3003365151.7216125
2025-06-12 23:30:00,2498.57,2526.77,2494.73,2516.44,1627273943.525725
2025-06-12 23:00:00,2477.99,2508.44,2476.16,2498.69,2534223097.5825615
2025-06-12 22:30:00,2484.86,2492.92,2439.17,2478,1797040003.971444
2025-06-12 22:00:00,2500.41,2501.47,2470.02,2484.88,5195403164.8798685
2025-06-12 21:30:00,2495.85,2509.73,2478.31,2500.42,1213196424.6683943
2025-06-12 21:00:00,2532.06,2532.06,2457.32,2495.7,2882790273.779251
2025-06-12 20:30:00,2552.82,2560.77,2500,2532.01,3499837001.413517
2025-06-12 20:00:00,2643.81,2646.79,2537.14,2552.91,3355416738.491178
2025-06-12 19:30:00,2659.14,2659.59,2643.57,2643.8,3751119708.5370965
2025-06-12 19:00:00,2641.2,2660.43,2640,2659.14,956484046.2204792
2025-06-12 18:30:00,2640.21,2646.81,2634.25,2641.62,350651882.54212296
2025-06-12 18:00:00,2634.72,2650.59,2634.27,2640.5,2230762261.4014697
2025-06-12 17:30:00,2661.37,2661.82,2632.51,2634.83,736152489.1034657
2025-06-12 17:00:00,2641.03,2662.49,2632.99,2661.41,4257986244.7780137
2025-06-12 16:30:00,2690.86,2693.89,2617.7,2641.05,2886252824.73846
2025-06-12 16:00:00,2695.09,2704.05,2678.4,2690.85,4714325745.750574
2025-06-12 15:30:00,2738.94,2739.45,2692.38,2695.44,2018250695.0858786
2025-06-12 15:00:00,2735.98,2745.09,2730.8,2738.97,2440958519.1396422
2025-06-12 14:30:00,2734.46,2744.89,2719.09,2736.13,4411883520
2025-06-12 14:00:00,2763.1,2765.08,2728.66,2734.46,5187131742.8691
2025-06-12 13:30:00,2761.17,2771.95,2759.49,2763.1,6229960704
2025-06-12 13:00:00,2744.12,2766.19,2741.31,2761.24,6346582016
2025-06-12 12:30:00,2744.16,2745.33,2733.62,2744.02,4097821489.0680833
2025-06-12 12:00:00,2720.39,2746.82,2715.61,2744,2585344735.3989615
2025-06-12 11:30:00,2749.22,2758.14,2714,2720.45,2559567770.2628837
2025-06-12 11:00:00,2765.69,2774.09,2743.41,2749.32,1746623435.0887825
2025-06-12 10:30:00,2760.66,2771.18,2758.14,2765.65,1817515912.2831771
2025-06-12 10:00:00,2750.23,2766.27,2747.64,2760.53,1761329119.1209602
2025-06-12 09:30:00,2739.24,2755.14,2732.67,2750.23,598868964.2491267
2025-06-12 09:00:00,2737.22,2749.08,2733.86,2739.24,1608851299.538444
2025-06-12 08:30:00,2724.93,2746.59,2722.6,2737.48,280666606.49916536
2025-06-12 08:00:00,2730.36,2736.16,2712.24,2724.93,1198507764.153942
2025-06-12 07:30:00,2728.11,2739.8,2724.16,2730.38,3017667376.9808307
2025-06-12 07:00:00,2750.86,2754.22,2721.37,2727.96,4160849685.6075025
2025-06-12 06:30:00,2740.86,2753.72,2733.8,2750.87,2321765178.0456214
2025-06-12 06:00:00,2753.3,2754.44,2735.46,2740.87,1130857750.5864313
2025-06-12 05:30:00,2755.9,2762.13,2752.79,2753.46,118713105.6044277
2025-06-12 05:00:00,2758.02,2762.62,2749.33,2755.91,1576655736.3882966
2025-06-12 04:30:00,2754.58,2761.27,2748.31,2757.99,911717981.933261
2025-06-12 04:00:00,2740.93,2756.86,2732.94,2754.73,3988955521.2746496
2025-06-12 03:30:00,2758.5,2760.78,2733.86,2741.13,2908787477.3003793
2025-06-12 03:00:00,2768.87,2774.09,2757.38,2758.63,152671066.82495898
2025-06-12 02:30:00,2763.93,2776.82,2763.34,2768.71,1927574573.8797984
2025-06-12 02:00:00,2765.25,2766.59,2755.44,2763.93,1372032372.99827
2025-06-12 01:30:00,2766.75,2770.95,2758.63,2765.2,3152853617.9395604
2025-06-12 01:00:00,2762.97,2768.64,2751.89,2766.75,1462788747.4943879
2025-06-12 00:30:00,2759.12,2763.32,2749.6,2762.98,1002865811.246517
2025-06-12 00:00:00,2765.58,2769.95,2750.57,2759.12,981256249.2898625
2025-06-11 23:30:00,2752.64,2777.27,2752.3,2765.59,922650202.9200219
2025-06-11 23:00:00,2758.49,2763.04,2746.88,2752.64,1294505239.5922575
2025-06-11 22:30:00,2773.73,2775.36,2757.59,2758.49,842401379.5202379
2025-06-11 22:00:00,2776.69,2784.94,2768.23,2773.72,111754633.85119455
2025-06-11 21:30:00,2766.52,2777.47,2752.69,2776.71,1227198911.1521466
2025-06-11 21:00:00,2775.79,2779.17,2762.17,2766.73,1086951415.5136807
2025-06-11 20:30:00,2765.15,2778.94,2760.04,2776.31,2278220377.633408
2025-06-11 20:00:00,2772.39,2785.93,2765.01,2765.14,1228246241.6829767
2025-06-11 19:30:00,2772.77,2780,2769.71,2772.39,997889010.6975721
2025-06-11 19:00:00,2759.61,2775.53,2755.2,2773.14,1383641555.6746402
2025-06-11 18:30:00,2759.41,2768.63,2752.38,2759.4,3383700521.729117
2025-06-11 18:00:00,2782.92,2787.6,2743,2759.61,2329378937.036645
2025-06-11 17:30:00,2819.46,2820.65,2776,2783.19,2128450666.9038796
2025-06-11 17:00:00,2816.69,2832.59,2815.6,2819.74,28909198.850590456
2025-06-11 16:30:00,2820.44,2827.64,2813.76,2816.3,1838427840.0675929
2025-06-11 16:00:00,2814.22,2821.86,2788.75,2820.37,1108915354.9838762
2025-06-11 15:30:00,2822.51,2823.25,2803.72,2814.43,876904652.3940051
2025-06-11 15:00:00,2822.89,2827.71,2806.9,2822.63,607444605.5311007
2025-06-11 14:30:00,2818.87,2834.69,2806.12,2822.66,5664958739.021555
2025-06-11 14:00:00,2830.36,2834.41,2801.79,2818.89,6961614848
2025-06-11 13:30:00,2868.56,2873.6,2826.81,2830.67,5683267584
2025-06-11 13:00:00,2868.61,2871,2834.88,2868.43,3617085440
2025-06-11 12:30:00,2863.93,2876.67,2855.57,2868.6,6663161856
2025-06-11 12:00:00,2865.5,2866.74,2845.9,2863.99,4359202816
2025-06-11 11:30:00,2851.99,2880,2851.74,2865.75,4142565376
2025-06-11 11:00:00,2841.18,2856.51,2829.56,2851.84,2516704665.886445
2025-06-11 10:30:00,2844.1,2857.57,2829.56,2841.18,3319154103.264993
2025-06-11 10:00:00,2796.86,2845.55,2791.78,2843.71,768567945.8566475
2025-06-11 09:30:00,2816.92,2817.79,2785.49,2796.89,1483418427.6487947
2025-06-11 09:00:00,2805.35,2819.52,2793.84,2817.02,1588036210.3912735
2025-06-11 08:30:00,2772.81,2822.28,2772.81,2805.34,2359433614.576284
2025-06-11 08:00:00,2772.47,2784.08,2764.18,2773,2502478995.563122
2025-06-11 07:30:00,2766.96,2776.02,2761.37,2772.47,1240389999.8392582
2025-06-11 07:00:00,2772.05,2772.27,2762.43,2766.68,754506987.9010984
2025-06-11 06:30:00,2768.45,2773.39,2763.54,2772.26,1851139233.168654
2025-06-11 06:00:00,2759.68,2769.24,2757.43,2768.46,1881361730.484838
2025-06-11 05:30:00,2771.06,2773.78,2754.35,2759.49,2723755575.113818
2025-06-11 05:00:00,2769.2,2773.72,2761.64,2771.53,1961626822.119898
2025-06-11 04:30:00,2779.5,2782.24,2765.46,2769.56,3296881249.2133965
2025-06-11 04:00:00,2792.19,2794.16,2774.1,2779.59,635050771.065739
2025-06-11 03:30:00,2795.98,2802.19,2791.7,2792.23,2628907721.154537
2025-06-11 03:00:00,2792.61,2800.29,2788.21,2796.19,644000303.5759495
2025-06-11 02:30:00,2786.36,2795.71,2780.65,2792.57,2405340895.2470074
2025-06-11 02:00:00,2794.09,2798.47,2784.07,2786.4,910288711.2976993
2025-06-11 01:30:00,2802,2802.23,2791.31,2794.08,2082750126.591827
2025-06-11 01:00:00,2797.58,2802.99,2787.4,2802.13,1179459061.9185977
2025-06-11 00:30:00,2793.15,2804.29,2791.61,2797.58,879110552.5453548
2025-06-11 00:00:00,2791.45,2797.76,2786.27,2793.32,807541624.491766
2025-06-10 23:30:00,2790.71,2797.99,2789.19,2791.46,1117781463.5623474
2025-06-10 23:00:00,2781.72,2795.85,2780.8,2790.48,1001830995.7334733
2025-06-10 22:30:00,2783.3,2786.15,2772.28,2781.42,518727327.9889794
2025-06-10 22:00:00,2785.02,2803.42,2780.56,2783.3,2308027805.7419887
2025-06-10 21:30:00,2788.53,2789.79,2778.37,2784.88,314575592.5752563
2025-06-10 21:00:00,2795.69,2799.81,2783.2,2788.78,1272131825.2196257
2025-06-10 20:30:00,2805.75,2813.83,2792.69,2795.9,2713966334.1292167
2025-06-10 20:00:00,2816.69,2834.88,2804,2805.95,2590079122.9927216
2025-06-10 19:30:00,2799.2,2817.15,2798.51,2816.5,2090950016.1184835
2025-06-10 19:00:00,2803.8,2806.79,2788.98,2798.94,1432080097.0443747
2025-06-10 18:30:00,2814.8,2827.18,2792.21,2803.77,2106612669.4461987
2025-06-10 18:00:00,2773.63,2818.7,2773.09,2814.66,1992274012.7511125
2025-06-10 17:30:00,2765.9,2780.43,2756.88,2773.63,1102391687.6756587
2025-06-10 17:00:00,2774.89,2780.46,2735.86,2765.95,3387259353.197177
2025-06-10 16:30:00,2760.39,2776.17,2757.16,2774.74,2427034295.8207936
2025-06-10 16:00:00,2774.49,2775.68,2753.44,2760.11,3086545991.725426
2025-06-10 15:30:00,2779.27,2807.99,2756.4,2775.25,2627973424.296334
2025-06-10 15:00:00,2754.97,2780.58,2754.97,2779.29,1236596282.551131
2025-06-10 14:30:00,2749.82,2766.27,2735.49,2754.97,1063411103.5870789
2025-06-10 14:00:00,2741.62,2753.05,2732.25,2749.83,7873368722.101311
2025-06-10 13:30:00,2740.02,2748.86,2735.38,2741.61,3789879296
2025-06-10 13:00:00,2731.62,2753.46,2731.61,2740.01,6714202112
2025-06-10 12:30:00,2744.01,2745.95,2730.04,2731.63,11432212480
2025-06-10 12:00:00,2733.8,2749.99,2729.3,2743.84,3878146048
2025-06-10 11:30:00,2734.09,2736.83,2690.92,2733.56,3284527104
2025-06-10 11:00:00,2736.84,2754.65,2732.13,2734.21,2737356800
2025-06-10 10:30:00,2742.47,2746.94,2730.6,2736.93,1520194072.55514
2025-06-10 10:00:00,2744.26,2754.36,2727.95,2742.63,2512995926.2361975
2025-06-10 09:30:00,2757.02,2762.63,2717.96,2744.26,2222141426.066882
2025-06-10 09:00:00,2765.59,2780.33,2756.76,2757.23,2036798389.7391014
2025-06-10 08:30:00,2755.44,2776.6,2751.8,2765.58,2238781259.7579613
2025-06-10 08:00:00,2774.31,2779.89,2746.93,2755.71,3465294710.7045236
2025-06-10 07:30:00,2760.64,2798.99,2755.31,2774.77,1568048778.7157924
2025-06-10 07:00:00,2696.23,2763.73,2688.92,2760.12,1792841016.5205762
2025-06-10 06:30:00,2691.68,2696.18,2682.36,2696.18,928344828.8876357
2025-06-10 06:00:00,2693.48,2699.23,2690.03,2691.67,1600225899.0153456
2025-06-10 05:30:00,2683.72,2694.9,2683.62,2693.48,978102134.8067242
2025-06-10 05:00:00,2674.97,2687.12,2673.8,2683.63,1098941957.7460363
2025-06-10 04:30:00,2675.42,2683.9,2674.16,2674.57,187637668.10009754
2025-06-10 04:00:00,2678.37,2685.38,2671.2,2675.67,1116335490.7913733
2025-06-10 03:30:00,2684.15,2686.67,2669.84,2678.24,3304899965.7240095
2025-06-10 03:00:00,2676.97,2685.51,2667.67,2684.14,2632656990.145267
2025-06-10 02:30:00,2669.73,2682.76,2665.01,2677.15,2453545233.9969
2025-06-10 02:00:00,2671.71,2672.15,2657.11,2669.73,277823161.9414302
2025-06-10 01:30:00,2677.56,2683.85,2665.89,2671.71,2203064608.375585
2025-06-10 01:00:00,2690.34,2701.51,2674.47,2677.56,1130947047.8546839
2025-06-10 00:30:00,2688.53,2693.73,2686.85,2690.52,1976645044.8494358
2025-06-10 00:00:00,2689.83,2693.48,2686.65,2688.61,1129870411.6708186
2025-06-09 23:30:00,2682.54,2694.09,2677.36,2689.7,1136565889.8690765
2025-06-09 23:00:00,2693.52,2695.13,2676.04,2682.54,1016882016.7156008
2025-06-09 22:30:00,2687.62,2700.21,2684.39,2693.26,3290015803.911622
2025-06-09 22:00:00,2709.29,2710.52,2679.23,2687.43,1322248924.6100168
2025-06-09 21:30:00,2712.48,2716.02,2704.11,2709.32,2919620816.730212
2025-06-09 21:00:00,2700.19,2716,2697.59,2712.38,2082142002.5262017
2025-06-09 20:30:00,2719.32,2729.28,2695.95,2700.18,4100682031.875819
2025-06-09 20:00:00,2681.25,2721.74,2678.93,2719.4,1494799165.257658
2025-06-09 19:30:00,2664.12,2695.2,2663.08,2681.29,1963509762.4531705
2025-06-09 19:00:00,2667.39,2669.06,2658.69,2664.13,357277302.7406673
2025-06-09 18:30:00,2662.01,2670.74,2653.6,2667.12,2222655758.864687
2025-06-09 18:00:00,2644.84,2667.52,2642.94,2661.78,1378903741.8190327
2025-06-09 17:30:00,2640.55,2651.23,2628.64,2644.84,2693447653.307525
2025-06-09 17:00:00,2590.6,2641.99,2590.6,2640.83,824223734.0488664
2025-06-09 16:30:00,2582.53,2594.6,2581.65,2590.64,45942024.21913482
2025-06-09 16:00:00,2582.45,2586.33,2577.51,2582.53,1006902526.0788571
2025-06-09 15:30:00,2587.84,2591.75,2574.68,2582.28,2534306440.1391034
2025-06-09 15:00:00,2585.84,2590,2579.13,2587.83,156424512.56444296
2025-06-09 14:30:00,2579.2,2588,2573.96,2585.84,3026809604.7573795
2025-06-09 14:00:00,2573.23,2581.05,2569.9,2579.2,3857325056
2025-06-09 13:30:00,2569.06,2578.44,2562.53,2573.11,2910465024
2025-06-09 13:00:00,2559.99,2576.69,2557.67,2569.22,3285829632
2025-06-09 12:30:00,2568.8,2574.27,2559,2559.85,4510344192
2025-06-09 12:00:00,2535.54,2571.51,2535.42,2568.85,275942386.0810974
2025-06-09 11:30:00,2543.09,2544.66,2535.23,2535.55,2416532137.323794
2025-06-09 11:00:00,2532.15,2544.09,2530.95,2543.15,956791511.0508022
2025-06-09 10:30:00,2532.37,2541.03,2528.22,2532.15,1181956142.1375299
2025-06-09 10:00:00,2519.05,2536.75,2515.7,2532.27,1614476557.3863354
2025-06-09 09:30:00,2538.34,2543.88,2511.53,2518.92,1207697979.0526373
2025-06-09 09:00:00,2546.64,2547.7,2537.57,2538.33,1051394741.4773619
2025-06-09 08:30:00,2538.49,2549.99,2538.46,2546.56,1127946202.9833412
2025-06-09 08:00:00,2543.38,2543.72,2535.98,2538.7,1056357095.2397709
2025-06-09 07:30:00,2540.84,2548.69,2535.77,2543.37,1584526061.184126
2025-06-09 07:00:00,2536.17,2542.59,2530.96,2540.55,1832087707.3865557
2025-06-09 06:30:00,2533.99,2542.71,2530.35,2536.17,1382140928
2025-06-09 06:00:00,2510.75,2537.58,2510.15,2533.6,1673454049.3884525
2025-06-09 05:30:00,2499.6,2523.8,2498.56,2510.41,1391089212.1563096
2025-06-09 05:00:00,2496.75,2499.98,2491.99,2499.98,1739680336.5766244
2025-06-09 04:30:00,2488.33,2498.31,2486.26,2496.75,2431778011.479423
2025-06-09 04:00:00,2493.25,2497.87,2485.64,2488.57,71534255.76931192
2025-06-09 03:30:00,2487.02,2494,2487.02,2493.14,2287478954.627326
2025-06-09 03:00:00,2494.71,2494.72,2484.73,2487.19,1947726374.8707254
2025-06-09 02:30:00,2487.78,2495.08,2487.57,2494.71,978689654.2903521
2025-06-09 02:00:00,2482.05,2489.2,2479.09,2487.61,99295420.35270251
2025-06-09 01:30:00,2487.64,2487.79,2480,2482.05,1440620286.2573154
2025-06-09 01:00:00,2486.84,2493.01,2483.4,2487.63,1408299612.9206026
2025-06-09 00:30:00,2492.39,2493.58,2485.49,2486.84,155627992.50349203
2025-06-09 00:00:00,2498.18,2498.51,2491.09,2492.4,1190174006.1983678
2025-06-08 23:30:00,2491.31,2499.72,2487.98,2498.3,1081786622.330858
2025-06-08 23:00:00,2493.81,2495.71,2483.55,2491.21,1284313340.7696161
2025-06-08 22:30:00,2501.5,2501.61,2491.01,2493.52,2451761203.196994
2025-06-08 22:00:00,2496.26,2505.83,2492.68,2501.25,2092474786.6703084
2025-06-08 21:30:00,2505.26,2506.38,2491.99,2496.43,385534550.4812902
2025-06-08 21:00:00,2506.12,2506.65,2496,2505.35,2094134899.3173668
2025-06-08 20:30:00,2507.66,2512.12,2495.86,2506.25,2052987573.1053
2025-06-08 20:00:00,2510.77,2513.23,2501.18,2507.16,190659214.56172943
2025-06-08 19:30:00,2509.99,2513.44,2506.8,2510.78,82207980.28604656
2025-06-08 19:00:00,2508.9,2514.64,2501.27,2509.99,2005458280.7830873
2025-06-08 18:30:00,2519.47,2521.89,2501.39,2508.92,2397201930.0921617
2025-06-08 18:00:00,2539.16,2541.35,2516.73,2519.48,4861010099.624002
2025-06-08 17:30:00,2535.28,2549.57,2532.92,2539.28,916593379.0991577
2025-06-08 17:00:00,2532.49,2537.45,2532.24,2535.39,1040992389.1491361
2025-06-08 16:30:00,2536.05,2536.63,2530.62,2532.41,49272822.248121426
2025-06-08 16:00:00,2533.92,2538.91,2530.68,2536.23,63919345.972711995
2025-06-08 15:30:00,2537.17,2537.56,2530.39,2533.92,1213931124.5218947
2025-06-08 15:00:00,2533.39,2541.79,2533.29,2537.17,131820984.64426705
2025-06-08 14:30:00,2532.2,2534.37,2527.75,2533.51,37701250.5465644
2025-06-08 14:00:00,2524.6,2534.73,2520.3,2532.1,1547658444.7504005
2025-06-08 13:30:00,2528.91,2533.63,2524.01,2525,274619448.1986401
2025-06-08 13:00:00,2528.97,2535.97,2525.76,2528.92,3636513792
2025-06-08 12:30:00,2523.09,2531.36,2522.36,2528.97,5449838592
2025-06-08 12:00:00,2515.66,2527.19,2513.59,2523.21,3174413312
2025-06-08 11:30:00,2517.85,2518.35,2512.97,2515.83,177690577.09188515
2025-06-08 11:00:00,2515.81,2522.96,2514.28,2518.02,1055599897.6369135
2025-06-08 10:30:00,2510.86,2516.26,2507.68,2515.55,1048189121.9455851
2025-06-08 10:00:00,2510.12,2517.75,2504.68,2511.24,1162419402.2126925
2025-06-08 09:30:00,2510.91,2528.56,2507.99,2510.16,1291359906.2103045
2025-06-08 09:00:00,2509.02,2510.92,2506.71,2510.77,955902370.3915671
2025-06-08 08:30:00,2509.66,2512.08,2501.2,2509.02,56364581.16867704
2025-06-08 08:00:00,2514.53,2515.68,2508.14,2509.69,2952738772.16473
2025-06-08 07:30:00,2512.57,2518.11,2511.24,2514.53,2068765635.2199395
2025-06-08 07:00:00,2504.26,2516.31,2503.95,2512.61,1030619979.3195252
2025-06-08 06:30:00,2494.91,2505.98,2494.88,2504.26,1145961701.4696503
2025-06-08 06:00:00,2499,2500.23,2493.28,2494.8,2189006159.0294323
2025-06-08 05:30:00,2500.87,2503.33,2496.96,2498.97,1370217304.5032766
2025-06-08 05:00:00,2518.01,2518.61,2492.84,2500.54,1146445509.3247879
2025-06-08 04:30:00,2516.7,2520.51,2516.18,2517.43,173137876.88877425
2025-06-08 04:00:00,2515.7,2522.09,2515.69,2516.77,2342045401.7004623
2025-06-08 03:30:00,2515.75,2517.73,2512.57,2515.68,138237691.48397124
2025-06-08 03:00:00,2513.86,2517.25,2513.45,2515.74,420315047.7799061
2025-06-08 02:30:00,2515.36,2518.84,2513.82,2513.95,75046259.57201934
2025-06-08 02:00:00,2512.73,2517.97,2512.17,2515.49,1578605145.291115
2025-06-08 01:30:00,2516.64,2518.74,2510.06,2512.75,2406200161.8908653
2025-06-08 01:00:00,2517.54,2518.13,2512.36,2516.64,161529875.4248
2025-06-08 00:30:00,2513.14,2521.42,2512.9,2517.53,2067960950.769671
2025-06-08 00:00:00,2512.93,2513.57,2509.27,2513.17,42922505.33516931
2025-06-07 23:30:00,2511.65,2516.35,2511.35,2513.04,1036118331.5916408
2025-06-07 23:00:00,2513.31,2513.87,2509.52,2511.77,1101592076.113997
2025-06-07 22:30:00,2514.96,2517.83,2512.77,2513.32,136466888.40761957
2025-06-07 22:00:00,2519.92,2520.14,2513.68,2515.14,1069520250.987315
2025-06-07 21:30:00,2514.37,2522.71,2512.98,2519.91,1074172070.762704
2025-06-07 21:00:00,2518.76,2519.14,2512.28,2514.38,2372377600
2025-06-07 20:30:00,2522.35,2527.29,2515.84,2518.67,1055964261.1557002
2025-06-07 20:00:00,2525.94,2526.86,2518.8,2522.35,1110573875.4689155
2025-06-07 19:30:00,2527.93,2530.64,2523.63,2526.14,1376231959.107333
2025-06-07 19:00:00,2537.16,2537.54,2526.21,2527.89,1025721839.8830978
2025-06-07 18:30:00,2525.12,2545,2523.39,2537.12,1237389312
2025-06-07 18:00:00,2523.59,2525.17,2520.73,2525.17,1032368349.6602756
2025-06-07 17:30:00,2521.76,2525,2521.07,2523.81,26592319.41129915
2025-06-07 17:00:00,2523.33,2524.11,2519.52,2521.85,285355208.9632732
2025-06-07 16:30:00,2524.83,2524.85,2519.97,2523.23,1179815754.9942858
2025-06-07 16:00:00,2518.35,2526.81,2518.35,2524.82,956065239.9626995
2025-06-07 15:30:00,2523.85,2525,2517.49,2518.39,995880920.1953393
2025-06-07 15:00:00,2517.98,2524.86,2517.56,2523.93,1197448222.7909791
2025-06-07 14:30:00,2522.09,2524.23,2512.78,2518.22,1016971283.9415632
2025-06-07 14:00:00,2509.4,2524.77,2509,2522.3,971075145.4284104
2025-06-07 13:30:00,2513.11,2514.98,2508.22,2509.7,1952620625.8278031
2025-06-07 13:00:00,2511.49,2515.01,2509.32,2513.37,2064860282.2323716
2025-06-07 12:30:00,2518.57,2518.58,2508.84,2511.49,2228312064
2025-06-07 12:00:00,2521.25,2527.43,2517.52,2518.59,7322525696
2025-06-07 11:30:00,2519.17,2521.45,2514.22,2521.16,3369838592
2025-06-07 11:00:00,2517.21,2525.05,2517.01,2519.17,1340909744.5699837
2025-06-07 10:30:00,2509.54,2519.99,2509.54,2517.26,4684296192
2025-06-07 10:00:00,2508.78,2515,2506.62,2509.53,996503288.9853578
2025-06-07 09:30:00,2506.68,2515.74,2504.01,2508.77,918179340.6033373
2025-06-07 09:00:00,2499.47,2511.63,2494.09,2506.73,1305834765.2186425
2025-06-07 08:30:00,2499.9,2508.61,2497.77,2499.46,1063563360.6074594
2025-06-07 08:00:00,2497.09,2500.4,2494.77,2499.9,828647507.5197873
2025-06-07 07:30:00,2498.87,2503.55,2494.8,2497.09,83887390.14224467
2025-06-07 07:00:00,2496.45,2502.76,2494.12,2498.87,1103121615.221003
2025-06-07 06:30:00,2496.18,2498.2,2489.88,2496.48,1966229867.9090986
2025-06-07 06:00:00,2487.34,2497.19,2486.05,2496.22,173648962.67406672
2025-06-07 05:30:00,2490.43,2490.99,2486.15,2487.54,905152404.2735884
2025-06-07 05:00:00,2485.49,2491.87,2484.79,2490.6,1848469804.7522476
2025-06-07 04:30:00,2490.46,2491.06,2483.83,2485.49,2654474753.051845
2025-06-07 04:00:00,2493.32,2494.21,2486.38,2490.76,893247489.9519562
2025-06-07 03:30:00,2493.99,2497.72,2491,2493.32,828893392.2173375
2025-06-07 03:00:00,2503.4,2503.5,2489.12,2494,1931153687.5587196
2025-06-07 02:30:00,2486.6,2503.42,2486.35,2503.11,1076686090.438396
2025-06-07 02:00:00,2495.87,2496.26,2485.97,2486.69,1753570336.5883079
2025-06-07 01:30:00,2490.85,2498.28,2488.08,2495.87,32973860.811966524
2025-06-07 01:00:00,2491.87,2492.52,2487.15,2490.89,3137501771.422231
2025-06-07 00:30:00,2485.57,2492.31,2481.83,2491.87,166546834.02606332
2025-06-07 00:00:00,2490.95,2491.4,2484.32,2485.62,921502880.4548316
2025-06-06 23:30:00,2492.22,2495.81,2488.33,2491.09,48110521.92143337
2025-06-06 23:00:00,2482.07,2495.01,2479.47,2492.21,1727059917.4866288
2025-06-06 22:30:00,2475.45,2484.39,2472.55,2482.14,1227270786.1459262
2025-06-06 22:00:00,2473.34,2477.87,2470.07,2475.51,827389641.5544945
2025-06-06 21:30:00,2473.28,2476.88,2468.35,2473.4,864037548.9408582
2025-06-06 21:00:00,2482.68,2483.3,2473.04,2473.06,1490257744.1696007
2025-06-06 20:30:00,2469.13,2484.6,2468.44,2483.21,969475867.7865796
2025-06-06 20:00:00,2478.38,2480.06,2457.88,2469.28,791685405.8526814
2025-06-06 19:30:00,2480.75,2484.49,2476.66,2478.24,879713672.8556279
2025-06-06 19:00:00,2484.41,2485.31,2474.41,2480.74,811851593.1994026
2025-06-06 18:30:00,2490.59,2490.59,2479.42,2484.54,1939898821.7027233
2025-06-06 18:00:00,2493.93,2495.75,2484.45,2490.78,1605359121.4980013
2025-06-06 17:30:00,2492.76,2501.23,2492.05,2493.92,757292455.4203141
2025-06-06 17:00:00,2501.64,2501.64,2489,2492.86,2816592.058134133
2025-06-06 16:30:00,2496.26,2508.57,2494.67,2501.31,3298438871.609959
2025-06-06 16:00:00,2485.9,2498.34,2483.67,2496.3,827160332.7382567
2025-06-06 15:30:00,2491.44,2496.96,2485.34,2485.8,1966363544.4556637
2025-06-06 15:00:00,2496.7,2504.09,2491.13,2491.65,1026971510.553517
2025-06-06 14:30:00,2491.99,2499.33,2490.6,2496.76,2015907152.9006326
2025-06-06 14:00:00,2501.44,2506.86,2490.09,2491.87,1085151328.0924244
2025-06-06 13:30:00,2491.81,2504.28,2485.56,2501.44,5428763271.88048
2025-06-06 13:00:00,2499.67,2500.78,2486.6,2491.81,6522232832
2025-06-06 12:30:00,2509.69,2515.35,2494.17,2499.77,5462577152
2025-06-06 12:00:00,2511.33,2520.39,2506.42,2509.69,3409719296
2025-06-06 11:30:00,2510.59,2514.65,2498.15,2511.39,3609157632
2025-06-06 11:00:00,2521.01,2533.09,2508.43,2510.59,3324710912
2025-06-06 10:30:00,2509.42,2526.27,2503.09,2521.01,2837815296
2025-06-06 10:00:00,2504.86,2516.71,2496.45,2509.73,4076722176
2025-06-06 09:30:00,2484.27,2521.93,2482.31,2504.92,4876154626.838036
2025-06-06 09:00:00,2477.14,2491.11,2477.14,2484.26,2270455808
2025-06-06 08:30:00,2480.49,2501.48,2468.35,2476.9,2582376311.9011664
2025-06-06 08:00:00,2477.89,2482.46,2475.12,2479.86,264008340.7109633
2025-06-06 07:30:00,2485.59,2486.69,2473.33,2477.66,1702524948.590283
2025-06-06 07:00:00,2483.04,2495.16,2480.48,2485.72,1273801247.511177
2025-06-06 06:30:00,2482.18,2487.4,2478.58,2482.82,2083767043.7681003
2025-06-06 06:00:00,2470.06,2488.54,2469.53,2482.3,556716685.2836261
2025-06-06 05:30:00,2475.12,2477.52,2469.17,2469.94,1418393552.5341957
2025-06-06 05:00:00,2462.53,2484.11,2461.05,2474.95,180677656.97973588
2025-06-06 04:30:00,2464.59,2467.43,2457.92,2462.57,1162694292.376003
2025-06-06 04:00:00,2456.59,2468.05,2454.69,2464.59,1016973970.158939
2025-06-06 03:30:00,2464.39,2464.67,2451.48,2456.6,1556773792.3969026
2025-06-06 03:00:00,2459.3,2468.47,2458.57,2464.41,929264800.982918
2025-06-06 02:30:00,2458.47,2465.07,2457.98,2459.3,1810545874.89706
2025-06-06 02:00:00,2461.24,2469.94,2451.01,2458.59,2496656351.8000116
2025-06-06 01:30:00,2451.96,2463.6,2447.7,2461.25,2355896348.871734
2025-06-06 01:00:00,2460.01,2467.04,2449.3,2452.11,1781822045.9904733
2025-06-06 00:30:00,2452.22,2465.09,2449.54,2460.35,1273943477.0044196
2025-06-06 00:00:00,2456.89,2459,2448.39,2452.4,4005629313.02959
2025-06-05 23:30:00,2444.06,2458.18,2442.43,2456.95,2529913128.7703815
2025-06-05 23:00:00,2436.4,2446.46,2428.59,2444,1393208206.0412567
2025-06-05 22:30:00,2407.7,2437.47,2403.59,2436.6,2162437726.162667
2025-06-05 22:00:00,2423.05,2426.03,2403.57,2407.7,151105024.58527988
2025-06-05 21:30:00,2424.28,2429.72,2417.92,2422.78,2475323588.7105618
2025-06-05 21:00:00,2427.1,2430.25,2418.43,2424.28,2063170048.1332102
2025-06-05 20:30:00,2411.19,2429.3,2410.25,2427.24,1497820838.522993
2025-06-05 20:00:00,2415.31,2418.69,2384,2411.17,1183824481.9428556
2025-06-05 19:30:00,2423.22,2427.48,2412.72,2415.34,1509747287.894353
2025-06-05 19:00:00,2431.2,2437.2,2419.85,2423.13,1276356100.5268679
2025-06-05 18:30:00,2419.06,2437.1,2417.75,2431.2,2535371448.7140617
2025-06-05 18:00:00,2438.48,2438.48,2410.59,2419.11,2458398478.706259
2025-06-05 17:30:00,2420.33,2450,2415.44,2438.58,1761813450.232843
2025-06-05 17:00:00,2398.99,2432,2392.16,2420.44,3501029376
2025-06-05 16:30:00,2474.14,2475.83,2394.12,2399.04,3154451981.2102313
2025-06-05 16:00:00,2529.27,2535.84,2437.06,2474.03,1537468646.2789948
2025-06-05 15:30:00,2540.12,2551.51,2525.64,2529.28,2243669426.0919065
2025-06-05 15:00:00,2576.51,2578.81,2506.43,2540.55,1978133724.8424766
2025-06-05 14:30:00,2578.41,2584.27,2573,2576.51,1058664759.5236686
2025-06-05 14:00:00,2570.24,2579.59,2554.05,2578.28,2142828426.1431682
2025-06-05 13:30:00,2572.63,2575.33,2563.52,2570.41,1591038086.3721435
2025-06-05 13:00:00,2559.89,2577.86,2558.91,2572.64,1266920254.280823
2025-06-05 12:30:00,2565.6,2572.63,2553.59,2559.46,4179486573.930192
2025-06-05 12:00:00,2590.32,2592.81,2557.86,2565.57,929275822.6637051
2025-06-05 11:30:00,2601.26,2602.87,2589.24,2590.59,1080561914.0998118
2025-06-05 11:00:00,2588.84,2603.43,2583.04,2601.27,374591999.6057639
2025-06-05 10:30:00,2583.41,2615.89,2572.06,2589.01,3660054004.637724
2025-06-05 10:00:00,2590.69,2595.78,2563.05,2583.3,1565952286.617912
2025-06-05 09:30:00,2630.88,2632.31,2580.9,2590.74,2360430826.7257957
2025-06-05 09:00:00,2632.99,2637.07,2623.39,2630.88,1297948723.0212212
2025-06-05 08:30:00,2627.13,2642.53,2621.26,2633.15,2062946385.5100725
2025-06-05 08:00:00,2609.25,2630.23,2606.62,2627.14,1300860974.0377705
2025-06-05 07:30:00,2604.62,2610.71,2604.36,2609.25,854653103.1544495
2025-06-05 07:00:00,2597.58,2606.04,2594.27,2605.04,1177090241.256471
2025-06-05 06:30:00,2603.82,2606.74,2581.52,2597.58,972896549.8758453
2025-06-05 06:00:00,2610.46,2615.2,2602.65,2603.98,1116773956.3974614
2025-06-05 05:30:00,2606.07,2611.49,2603.95,2610.61,432898687.42607623
2025-06-05 05:00:00,2606.3,2611.11,2600,2606.22,1291347589.4807532
2025-06-05 04:30:00,2609.2,2610.71,2600.01,2606.46,2060807768.1830044
2025-06-05 04:00:00,2605.22,2611.51,2598.33,2609.19,1633904488.4118485
2025-06-05 03:30:00,2613.9,2614.07,2601.32,2605.26,432515110.10288066
2025-06-05 03:00:00,2605.36,2615.53,2605.36,2613.9,881889044.4355519
2025-06-05 02:30:00,2618.19,2619.92,2599.3,2605.37,2603483120.6496735
2025-06-05 02:00:00,2614.3,2618.79,2607.08,2618.2,1384987885.0347185
2025-06-05 01:30:00,2622.68,2622.72,2609.46,2614.3,1741605501.1796103
2025-06-05 01:00:00,2632.03,2632.89,2621.14,2622.52,1162765956.904353
2025-06-05 00:30:00,2629.4,2635.62,2628.25,2631.97,323515013.53504807
2025-06-05 00:00:00,2626.17,2633.17,2622.57,2629.42,426684666.53297025
2025-06-04 23:30:00,2624.85,2634.31,2622.44,2626.25,419415584.01415247
2025-06-04 23:00:00,2621.58,2629.38,2618.51,2624.99,270027090.22544175
2025-06-04 22:30:00,2614.42,2629.78,2614.33,2621.51,1101961771.948547
2025-06-04 22:00:00,2609.91,2621.37,2609.73,2614.59,1280079463.0661547
2025-06-04 21:30:00,2610.6,2611.36,2605.56,2609.84,1255075569.4160628
2025-06-04 21:00:00,2613.17,2618.21,2608.32,2610.6,683352153.7211046
2025-06-04 20:30:00,2610.09,2616.12,2605.66,2613.53,1137033325.9724972
2025-06-04 20:00:00,2609.19,2614.76,2603,2610.09,1683394346.229326
2025-06-04 19:30:00,2608.08,2613.89,2605.15,2609.07,2368562719.701697
2025-06-04 19:00:00,2607.08,2617.46,2601.01,2608.18,1385140963.5796657
2025-06-04 18:30:00,2608.71,2615.36,2605.66,2606.91,2224934680.516695
2025-06-04 18:00:00,2620.59,2622.98,2606.83,2608.71,1280857996.3736248
2025-06-04 17:30:00,2611.16,2625.03,2609.74,2621.2,1713734842.0638657
2025-06-04 17:00:00,2607.03,2615.13,2600.6,2611.15,663083697.4230105
2025-06-04 16:30:00,2614.68,2615.63,2600.45,2606.88,2074034275.2107565
2025-06-04 16:00:00,2624.98,2626.33,2602.16,2614.68,951236854.9553891
2025-06-04 15:30:00,2625.47,2634.48,2623.33,2624.93,1131939183.7461705
2025-06-04 15:00:00,2630.42,2633.16,2624.05,2625.65,987546180.238101
2025-06-04 14:30:00,2637.6,2641.5,2626.89,2630.2,1991736137.7968378
2025-06-04 14:00:00,2636.58,2643.73,2634.29,2637.45,2167232319.364118
2025-06-04 13:30:00,2643.9,2643.9,2632.6,2636.63,669825102.4482055
2025-06-04 13:00:00,2661.17,2661.48,2643.22,2643.9,111822544.31782107
2025-06-04 12:30:00,2651.81,2662.89,2650.4,2661.26,2298355341.3081903
2025-06-04 12:00:00,2669.39,2671.13,2651.01,2651.81,2069793804.2816894
2025-06-04 11:30:00,2651.19,2678.67,2645.11,2668.48486,3410533376
2025-06-04 11:00:00,2641.35,2661.7,2635.18,2651.19,2121076891.4436276
2025-06-04 10:30:00,2614.02,2643.28,2612.12,2641.34,917871170.4733627
2025-06-04 10:00:00,2616.47,2619.77,2594.99,2614.01,1623460579.6616638
2025-06-04 09:30:00,2615.88,2631.17,2614.8,2616.33,971828388.8621702
2025-06-04 09:00:00,2618.3,2622.82,2608.84,2615.79,1707799352.0498426
2025-06-04 08:30:00,2621.31,2629.09,2616.52,2618.28,1169707708.6338732
2025-06-04 08:00:00,2626.37,2640.24,2617.13,2621.08,444298095.1325431
2025-06-04 07:30:00,2635.26,2635.26,2625.71,2626.38,2196936411.4530416
2025-06-04 07:00:00,2639.92,2647.25,2631.65,2635.48,167145728.15472147
2025-06-04 06:30:00,2640.83,2642.49,2636.51,2639.93,906841060.0062045
2025-06-04 06:00:00,2644.84,2652,2640.3,2640.61,2370151135.073185
2025-06-04 05:30:00,2637.7,2649.99,2632.76,2644.95,1002653747.0144511
2025-06-04 05:00:00,2642.54,2645.65,2633.2,2637.29,915104669.0278573
2025-06-04 04:30:00,2640.8,2644.74,2640.39,2642.53,1199376457.262381
2025-06-04 04:00:00,2629.1,2648.01,2629.1,2640.92,251830035.04323816
2025-06-04 03:30:00,2629.03,2631.3,2625.16,2629.05,834900097.5738839
2025-06-04 03:00:00,2631.41,2636.1,2624.19,2629.03,65887880.597743094
2025-06-04 02:30:00,2627.6,2636.49,2624.2,2631.05,1793790814.3509245
2025-06-04 02:00:00,2626.52,2632.9,2623.25,2627.7,1112240280.5589502
2025-06-04 01:30:00,2624.17,2631.18,2621.2,2626.49,2665524230.8076825
2025-06-04 01:00:00,2639.22,2646.8,2621.61,2624.17,1259539186.8253314
2025-06-04 00:30:00,2630.78,2639.94,2624.77,2639.07,1019404435.2219219
2025-06-04 00:00:00,2629.61,2635.72,2625.28,2630.94,1933311235.4398572
2025-06-03 23:30:00,2636.07,2642.47,2628.38,2629.61,117722373.27607183
2025-06-03 23:00:00,2614.16,2642.56,2611.24,2635.92,1097857135.3297763
2025-06-03 22:30:00,2615.95,2618.48,2612.22,2614,1355123375.4241948
2025-06-03 22:00:00,2614.11,2622.83,2612.9,2616.04,1165559192.4176402
2025-06-03 21:30:00,2617.38,2617.89,2606.47,2614.03,1779190221.1071718
2025-06-03 21:00:00,2600.74,2624.05,2600.16,2617.38,918828730.9301637
2025-06-03 20:30:00,2596.53,2601.71,2584.05,2600.71,1177038822.2669413
2025-06-03 20:00:00,2595.03,2604.69,2592.48,2596.39,821599029.2855489
2025-06-03 19:30:00,2595.47,2599.57,2588.13,2595.03,51492848.123908386
2025-06-03 19:00:00,2606.42,2607.46,2592.31,2595.47,1530267347.1236236
2025-06-03 18:30:00,2602.72,2612.1,2600.66,2606.42,1848891382.809677
2025-06-03 18:00:00,2591.65,2602.89,2588.22,2602.73,1299148409.1133857
2025-06-03 17:30:00,2613.55,2617.76,2575.75,2591.35,97841653.94279666
2025-06-03 17:00:00,2616.81,2618.74,2602.7,2613.55,1997156429.3559651
2025-06-03 16:30:00,2606.37,2621.01,2595.56,2616.95,1341115633.7250109
2025-06-03 16:00:00,2626.97,2627.74,2604.96,2606.21,294577399.13165814
2025-06-03 15:30:00,2627.82,2628.2,2616.7,2626.74,687165043.3973954
2025-06-03 15:00:00,2620.06,2630.82,2619.92,2628.1,329452751.60163456
2025-06-03 14:30:00,2615.24,2622.22,2611.78,2619.82,2418890011.5382032
2025-06-03 14:00:00,2621.06,2621.47,2608.66,2615.12,1044537320.0051358
2025-06-03 13:30:00,2625.56,2626.51,2616.44,2621.06,1272847524.5424957
2025-06-03 13:00:00,2607.06,2630.5,2604.65,2625.6,2054777876.6249752
2025-06-03 12:30:00,2612.09,2620.57,2605.07,2607.08,3781235018.002477
2025-06-03 12:00:00,2625.52,2627.9,2610.29,2612.27,2522906280.496742
2025-06-03 11:30:00,2645.03,2647.37,2618.55,2625.51,268590731.2879654
2025-06-03 11:00:00,2650.32,2653.99,2636.92,2644.74,1024493499.0953444
2025-06-03 10:30:00,2634.26489,2657.74,2629.26953,2650.57,1088728880.527775
2025-06-03 10:00:00,2628.06445,2637.71411,2617.56421,2632.51367,1021042688
2025-06-03 09:30:00,2623.37,2631.30835,2609.88501,2629.4707,3921947648
2025-06-03 09:00:00,2611.67,2629.73,2611.67,2623.39,5851486208
2025-06-03 08:30:00,2609.73,2615.47,2604.96,2611.67,1998600192
2025-06-03 08:00:00,2603.51,2610.71,2599.48,2609.51,3871660032
2025-06-03 07:30:00,2609.94,2612.37,2602.36,2603.44,360921088
2025-06-03 07:00:00,2613.2,2619.89,2606.98,2609.77,1854759975.158374
2025-06-03 06:30:00,2618.28,2622.41,2611.54,2613.04,2561163959.6174235
2025-06-03 06:00:00,2615.57,2620.1,2613.25,2618.45,2283639843.610224
2025-06-03 05:30:00,2603.73,2620.71,2602.71,2615.57,6943588352
2025-06-03 05:00:00,2609.2,2611.04,2602.75,2603.75,2436808704
2025-06-03 04:30:00,2607.19,2611.59,2597.92,2609.06,1686525819.5114996
2025-06-03 04:00:00,2611.92,2613.72,2596.59,2607.19,2044168606.3546367
2025-06-03 03:30:00,2612.24,2618.28,2609.65,2611.89,762422216.686167
2025-06-03 03:00:00,2620.31,2622.95,2609.92,2612.13,668409286.1293383
2025-06-03 02:30:00,2608.2,2621.1,2606.74,2620.45,1700059916.3649323
2025-06-03 02:00:00,2616.4,2616.67,2606.29,2608.19,449797299.55500543
2025-06-03 01:30:00,2605.49,2619.64,2603.49,2616.41,175330273.48022625
2025-06-03 01:00:00,2593.84,2606.81,2593.82,2605.99,1054576845.2396446
2025-06-03 00:30:00,2600.54,2603.01,2591.39,2593.66,909451764.8685211
2025-06-03 00:00:00,2605.01,2606.63,2594.09,2600.79,848956028.3684489